,mean_fit_time,std_fit_time,mean_score_time,std_score_time,param_bootstrap,param_max_depth,param_max_features,param_min_samples_leaf,param_min_samples_split,param_n_estimators,params,split0_test_score,split1_test_score,split2_test_score,split3_test_score,split4_test_score,mean_test_score,std_test_score,rank_test_score,split0_train_score,split1_train_score,split2_train_score,split3_train_score,split4_train_score,mean_train_score,std_train_score
0,65.13589730262757,0.5290315666219245,0.6228955745697021,0.007657124327407793,True,10,6,4,4,100,"{'bootstrap': True, 'max_depth': 10, 'max_features': 6, 'min_samples_leaf': 4, 'min_samples_split': 4, 'n_estimators': 100}",-112.48336966694428,-108.27184730134779,-107.45844196073244,-111.48001482048366,-109.1230985449506,-109.76335445889177,1.9127231053976634,180,-103.63520628045784,-104.84493316171395,-104.83813741605377,-105.42956397394386,-104.830843542071,-104.71573687484809,0.5868592012882419
1,64.42817630767823,0.7168609307293439,0.6258023738861084,0.02467005761887441,True,10,6,4,8,100,"{'bootstrap': True, 'max_depth': 10, 'max_features': 6, 'min_samples_leaf': 4, 'min_samples_split': 8, 'n_estimators': 100}",-112.5144945661084,-108.20532188104059,-108.39234654249213,-111.15623239258822,-109.11894651894934,-109.87746838023573,1.6832207642510137,188,-103.61299826555359,-104.9548384003113,-105.73409356412691,-104.95819877135757,-104.91491274007305,-104.83500834828449,0.6837518118696541
2,63.56159334182739,0.4209347952046619,0.610960054397583,0.02670935635618165,True,10,6,4,16,100,"{'bootstrap': True, 'max_depth': 10, 'max_features': 6, 'min_samples_leaf': 4, 'min_samples_split': 16, 'n_estimators': 100}",-112.56022394717846,-108.25447530063036,-108.03428076408633,-111.55307840411247,-108.83534089378149,-109.84747986195782,1.8502879046641754,185,-103.84079159887459,-105.188964022758,-105.7580804936339,-105.7053317931345,-104.74502014334718,-105.04763761034965,0.7078585324866469
3,63.196605348587035,0.5036418013325756,0.6185784339904785,0.017209332495698452,True,10,6,4,32,100,"{'bootstrap': True, 'max_depth': 10, 'max_features': 6, 'min_samples_leaf': 4, 'min_samples_split': 32, 'n_estimators': 100}",-112.23775901135973,-108.28133933912241,-107.37250761358783,-111.44369528378803,-108.98965968093198,-109.664992185758,1.8659565137255494,179,-103.78753262700492,-105.6088676975945,-105.47722576393713,-105.65149153943925,-105.20485132055033,-105.14599378970522,0.6969039804516347
4,63.21958374977112,0.3512985648088471,0.6151750087738037,0.009365194282613579,True,10,6,8,4,100,"{'bootstrap': True, 'max_depth': 10, 'max_features': 6, 'min_samples_leaf': 8, 'min_samples_split': 4, 'n_estimators': 100}",-112.76198991694007,-108.09935461107646,-107.84090863565936,-111.34849198483857,-109.13698123677408,-109.83754527705771,1.9148885632907109,184,-104.09113610863888,-105.16803349145941,-105.62963602727861,-105.4361141161863,-105.05961148048715,-105.07690624481006,0.5319561171014404
5,64.07870721817017,0.5014040757400052,0.6481842994689941,0.03888593477363539,True,10,6,8,8,100,"{'bootstrap': True, 'max_depth': 10, 'max_features': 6, 'min_samples_leaf': 8, 'min_samples_split': 8, 'n_estimators': 100}",-112.77727751351648,-108.22274499873419,-107.88690679902712,-111.41280706107759,-109.21080325827316,-109.9021079261257,1.892512066062056,190,-104.1643009287283,-105.24992366834546,-105.6658934392471,-105.45688187148603,-105.23842790342822,-105.15508556224702,0.5195382761056888
6,64.60081906318665,0.5547354554400126,0.6823798179626465,0.054902906072647105,True,10,6,8,16,100,"{'bootstrap': True, 'max_depth': 10, 'max_features': 6, 'min_samples_leaf': 8, 'min_samples_split': 16, 'n_estimators': 100}",-112.34250221208114,-108.4704467110243,-107.5806287514202,-111.40839530568165,-109.0294114941699,-109.76627689487546,1.8073568574714995,181,-103.7536398087959,-105.4773514607196,-105.37797868841557,-105.69488934276892,-105.02739654456663,-105.06625116905334,0.6907708324052445
7,65.72624878883362,0.5687519945317162,0.6892744541168213,0.07425243943637626,True,10,6,8,32,100,"{'bootstrap': True, 'max_depth': 10, 'max_features': 6, 'min_samples_leaf': 8, 'min_samples_split': 32, 'n_estimators': 100}",-112.38955410195939,-108.15146508966556,-107.6859511015157,-111.38831893468384,-109.28662701607867,-109.78038324878064,1.8263102319705842,182,-104.13304070814797,-105.48093253120824,-105.81754573264286,-105.54491988264378,-105.54719327744951,-105.30472642641845,0.5972206836443396
8,64.37790856361389,0.6904147205911307,0.6286444187164306,0.03578620494944879,True,10,6,16,4,100,"{'bootstrap': True, 'max_depth': 10, 'max_features': 6, 'min_samples_leaf': 16, 'min_samples_split': 4, 'n_estimators': 100}",-112.7438521957265,-108.012703780484,-108.06853521892725,-111.25415232499192,-108.98238502653591,-109.81232570933312,1.8783480736133282,183,-104.73440855834902,-105.65495963889171,-106.27811153578192,-105.77377568366734,-105.3911021239122,-105.56647150812043,0.5060276420822283
9,64.21343097686767,0.3246441122973888,0.6392830848693848,0.04520597074474726,True,10,6,16,8,100,"{'bootstrap': True, 'max_depth': 10, 'max_features': 6, 'min_samples_leaf': 16, 'min_samples_split': 8, 'n_estimators': 100}",-112.50737057683214,-108.0557636456218,-107.41358119181433,-111.4199675198357,-108.81782348681388,-109.64290128418357,1.9765007495123548,177,-104.46730529285026,-105.61970679855789,-105.86521904042246,-105.90209411695704,-105.19290182647693,-105.40944541505291,0.5346328321532742
10,63.77323937416077,0.127073841263536,0.61758451461792,0.02409770526215604,True,10,6,16,16,100,"{'bootstrap': True, 'max_depth': 10, 'max_features': 6, 'min_samples_leaf': 16, 'min_samples_split': 16, 'n_estimators': 100}",-112.55160601459913,-108.61786934293504,-107.6253647698035,-111.41675123240267,-109.1376719995826,-109.8698526718646,1.8289873090397388,187,-104.55676019362684,-106.14760219856593,-106.03671100942208,-105.83947349892935,-105.61545630662808,-105.63920064143444,0.5707603647566779
11,63.19380488395691,0.6886015638790092,0.6240010261535645,0.014305745545625543,True,10,6,16,32,100,"{'bootstrap': True, 'max_depth': 10, 'max_features': 6, 'min_samples_leaf': 16, 'min_samples_split': 32, 'n_estimators': 100}",-112.56061319325191,-107.83052736499744,-107.73662254916657,-111.93073339007431,-109.24043606418128,-109.8597865123343,2.02941363994378,186,-104.45603744922813,-105.48354133078516,-106.02302612203285,-106.43438559186184,-105.64178073924678,-105.60775424663095,0.6631452847605096
12,63.52022471427917,0.317935713720865,0.6287779331207275,0.06499314512070488,True,10,6,32,4,100,"{'bootstrap': True, 'max_depth': 10, 'max_features': 6, 'min_samples_leaf': 32, 'min_samples_split': 4, 'n_estimators': 100}",-112.48828571720166,-108.31849690371492,-107.83418725045443,-111.61377637273033,-109.21764601378587,-109.89447845157744,1.8368691458218014,189,-105.21782756947138,-106.5575876914076,-106.78545819626387,-106.49906165175449,-106.21236472548291,-106.25445996687604,0.5495551397148334
13,62.73644018173218,0.46812157904943574,0.5889307022094726,0.017202601101037582,True,10,6,32,8,100,"{'bootstrap': True, 'max_depth': 10, 'max_features': 6, 'min_samples_leaf': 32, 'min_samples_split': 8, 'n_estimators': 100}",-112.42532882831736,-108.3625436340361,-107.49376687992725,-111.96904059861875,-109.54854045337903,-109.9598440788557,1.9451252833317398,191,-105.03147522831154,-106.69592090126363,-106.51848780311819,-106.88198030634324,-106.51586628959912,-106.32874610572715,0.6625425292825164
14,63.004749870300294,0.4046711372542981,0.6427711009979248,0.03299366186298831,True,10,6,32,16,100,"{'bootstrap': True, 'max_depth': 10, 'max_features': 6, 'min_samples_leaf': 32, 'min_samples_split': 16, 'n_estimators': 100}",-112.98302589878452,-108.44156754850734,-107.59326110849135,-111.94130906610394,-109.55420050318308,-110.10267282501404,2.0510610350305356,192,-105.62415330211344,-106.84959536729245,-106.69359904317564,-106.8582175563809,-106.46720097474,-106.49855324874049,0.45960637003007804
15,63.2062566280365,0.5132495928735209,0.6256969451904297,0.018562070799824703,True,10,6,32,32,100,"{'bootstrap': True, 'max_depth': 10, 'max_features': 6, 'min_samples_leaf': 32, 'min_samples_split': 32, 'n_estimators': 100}",-112.4535939842921,-107.68474003896793,-107.44048855988878,-111.6177164363954,-109.06067012655701,-109.65144182922025,2.0407613298282783,178,-105.05185408905713,-106.04010913433588,-106.49039997713037,-106.5895955851618,-106.05929799887663,-106.04625135691238,0.5443390148237052
16,89.3306086063385,0.5088056549374207,0.6232500076293945,0.019447738258142024,True,10,9,4,4,100,"{'bootstrap': True, 'max_depth': 10, 'max_features': 9, 'min_samples_leaf': 4, 'min_samples_split': 4, 'n_estimators': 100}",-110.44200847212507,-106.08156388460355,-105.58942035443398,-109.38031898933575,-106.65549394730782,-107.62976112956123,1.922617469312765,162,-100.95807224207472,-102.54042875251771,-102.56686681140367,-102.73379196852353,-102.10358744638044,-102.18054944418002,0.6457871436166431
17,89.04473810195923,0.5289443927602558,0.6373316287994385,0.01735612408601429,True,10,9,4,8,100,"{'bootstrap': True, 'max_depth': 10, 'max_features': 9, 'min_samples_leaf': 4, 'min_samples_split': 8, 'n_estimators': 100}",-110.41423114976578,-105.89058270041568,-105.56587410844978,-109.49056904832024,-106.8126379457771,-107.63477899054571,1.957948674050722,163,-100.92394363373488,-102.38340314664714,-102.56572379729243,-102.7573199083169,-102.15362422250259,-102.15680294169879,0.6479408497243051
18,89.03443007469177,0.5147217041549332,0.6084536075592041,0.04377084154278354,True,10,9,4,16,100,"{'bootstrap': True, 'max_depth': 10, 'max_features': 9, 'min_samples_leaf': 4, 'min_samples_split': 16, 'n_estimators': 100}",-110.52683588446222,-105.94458350455194,-105.56968288520737,-109.57891868553173,-106.79413445223238,-107.68283108239714,1.9980086665761563,167,-101.29461134072578,-102.63629520321277,-102.82410362439542,-102.98896483735604,-102.38219437209492,-102.42523387555698,0.6002659865405573
19,89.7517451286316,0.38803530587420015,0.6057558536529541,0.0168922527393564,True,10,9,4,32,100,"{'bootstrap': True, 'max_depth': 10, 'max_features': 9, 'min_samples_leaf': 4, 'min_samples_split': 32, 'n_estimators': 100}",-110.48463219202583,-105.93550819281306,-105.62181017640602,-109.68147480227853,-106.96862513267835,-107.73841009924035,1.9819311610337136,175,-101.61870333249588,-103.07734573167727,-103.0867969460237,-103.31780846136876,-102.83115754228679,-102.7863624027705,0.6037882798796128
20,89.40968747138977,0.3526096326436485,0.6091439723968506,0.012840935178476058,True,10,9,8,4,100,"{'bootstrap': True, 'max_depth': 10, 'max_features': 9, 'min_samples_leaf': 8, 'min_samples_split': 4, 'n_estimators': 100}",-110.4593093785562,-106.11851804878152,-105.47093655077964,-109.62712605561494,-107.00322603817058,-107.73582321438057,1.9634912550830892,174,-101.26038012040665,-102.92810700170202,-102.63314344177103,-103.09754024648451,-102.59618949788305,-102.50307206164946,0.6486786268613801
21,89.86962652206421,0.5545772955579396,0.6068180561065674,0.01751337652381171,True,10,9,8,8,100,"{'bootstrap': True, 'max_depth': 10, 'max_features': 9, 'min_samples_leaf': 8, 'min_samples_split': 8, 'n_estimators': 100}",-110.41099321078772,-105.89239345924412,-105.54738277232244,-109.50781817209482,-106.82491507769522,-107.63670053842887,1.9628872906736254,164,-101.22133386638181,-102.72386152743684,-102.80060146410406,-103.06467515778982,-102.56773715294571,-102.47564183373166,0.647447613223543
22,90.9973611831665,1.1094054073521258,0.6412548065185547,0.03156423291087418,True,10,9,8,16,100,"{'bootstrap': True, 'max_depth': 10, 'max_features': 9, 'min_samples_leaf': 8, 'min_samples_split': 16, 'n_estimators': 100}",-110.41964048312703,-105.78000451691352,-105.51592703333856,-109.57992530406452,-106.75113655091052,-107.60932677767082,2.012280028419478,161,-101.28096787706866,-102.5611546936901,-102.76985510054632,-103.08709494095918,-102.45120057695654,-102.43005463784417,0.6140360044074543
23,90.9006507396698,1.1551935965523006,0.5984395980834961,0.012162760411362918,True,10,9,8,32,100,"{'bootstrap': True, 'max_depth': 10, 'max_features': 9, 'min_samples_leaf': 8, 'min_samples_split': 32, 'n_estimators': 100}",-110.35716775911024,-105.84586330953215,-105.68258452018442,-109.65241960591995,-106.85082135337557,-107.67777130962445,1.954425987510296,166,-101.67544801402381,-103.05263077326678,-103.27847672715441,-103.37495077121605,-102.79731900150217,-102.83576505743265,0.6134426355580165
24,90.2783362865448,0.7656243385022413,0.6256422996520996,0.024977531303283933,True,10,9,16,4,100,"{'bootstrap': True, 'max_depth': 10, 'max_features': 9, 'min_samples_leaf': 16, 'min_samples_split': 4, 'n_estimators': 100}",-110.47375309174049,-105.94181426422082,-105.57196451162923,-109.70606783068192,-106.93765778088763,-107.72625149583203,1.9957698479721369,172,-101.87994883579633,-103.26632388167913,-103.39699977992119,-103.57837904862058,-103.00083449899293,-103.02449720900204,0.6024241528477222
25,90.33493185043335,0.4475010437169997,0.631458854675293,0.019004557326013864,True,10,9,16,8,100,"{'bootstrap': True, 'max_depth': 10, 'max_features': 9, 'min_samples_leaf': 16, 'min_samples_split': 8, 'n_estimators': 100}",-110.3635241637375,-105.91132094811043,-105.56087852514743,-109.81815684574478,-106.83939733148675,-107.69865556284537,2.004833696062036,168,-101.75495548796354,-103.27439398266573,-103.42462411374864,-103.63345219361666,-102.9323101832342,-103.00394719224576,0.6650562718914091
26,90.6152573108673,0.5313326421122558,0.6283659934997559,0.014506997437358416,True,10,9,16,16,100,"{'bootstrap': True, 'max_depth': 10, 'max_features': 9, 'min_samples_leaf': 16, 'min_samples_split': 16, 'n_estimators': 100}",-110.26488254371633,-105.98602049857676,-105.64595675793385,-109.65368527626406,-106.94816620752898,-107.699742256804,1.9035536090518674,169,-101.69372761430724,-103.36110903911406,-103.49016188359295,-103.53908947179305,-102.98597052260575,-103.0140117062826,0.6880172383232911
27,90.1942265510559,0.3455527101425246,0.6143750190734864,0.028616717651760142,True,10,9,16,32,100,"{'bootstrap': True, 'max_depth': 10, 'max_features': 9, 'min_samples_leaf': 16, 'min_samples_split': 32, 'n_estimators': 100}",-110.42095177046707,-105.8218278347074,-105.49250289948829,-109.65904578792522,-106.93373972540782,-107.66561360359916,2.0111318084488565,165,-101.92758004103909,-103.16865821894203,-103.38990038350387,-103.59970134175224,-103.03372657055905,-103.02391331115925,0.5811148631482398
28,89.1537431716919,0.5231231881330053,0.6298487186431885,0.030737786822018262,True,10,9,32,4,100,"{'bootstrap': True, 'max_depth': 10, 'max_features': 9, 'min_samples_leaf': 32, 'min_samples_split': 4, 'n_estimators': 100}",-110.48291574548013,-105.90389117190949,-105.4780343698773,-109.7608318899661,-107.16945225960794,-107.7590250873682,2.020833858043489,176,-102.5909578388413,-103.98718106772755,-104.2221851973326,-104.10723475436042,-103.79559273926695,-103.74063031950577,0.5919204108401439
29,89.56443891525268,0.7602135510572757,0.6035472393035889,0.007592293484557037,True,10,9,32,8,100,"{'bootstrap': True, 'max_depth': 10, 'max_features': 9, 'min_samples_leaf': 32, 'min_samples_split': 8, 'n_estimators': 100}",-110.35383171789013,-105.80755933606493,-105.39623775975315,-109.85010035423386,-107.11290963232629,-107.70412776005367,2.0444557395090954,170,-102.47973154020129,-104.05185947680003,-104.1199835237322,-104.17832173108181,-103.75806537810352,-103.71759232998377,0.6355882600848053
30,89.29712495803832,0.5641071350273926,0.6295738697052002,0.028228503375644986,True,10,9,32,16,100,"{'bootstrap': True, 'max_depth': 10, 'max_features': 9, 'min_samples_leaf': 32, 'min_samples_split': 16, 'n_estimators': 100}",-110.35748808853533,-105.78768455021863,-105.46948407264055,-109.8049496998875,-107.1034788605443,-107.70461705436526,2.023904085934056,171,-102.543900733497,-103.92405106862694,-104.1404008844455,-104.08183366072842,-103.72201264575988,-103.68243979861154,0.5874448113749293
31,89.41964187622071,0.4364356132501809,0.6080427646636963,0.03812330694181773,True,10,9,32,32,100,"{'bootstrap': True, 'max_depth': 10, 'max_features': 9, 'min_samples_leaf': 32, 'min_samples_split': 32, 'n_estimators': 100}",-110.40411634786423,-105.83480030812387,-105.45843799890777,-109.80537733844899,-107.17213337059185,-107.73497307278735,2.0258803841638002,173,-102.50882024261595,-104.03890875060925,-104.1710179423903,-104.21277562284281,-103.80552666059509,-103.74740984381069,0.6353680046590412
32,116.70986480712891,0.9571738900502341,0.6075500011444092,0.020531166857391436,True,10,12,4,4,100,"{'bootstrap': True, 'max_depth': 10, 'max_features': 12, 'min_samples_leaf': 4, 'min_samples_split': 4, 'n_estimators': 100}",-109.95471359905389,-105.24238108518091,-105.13572488243544,-109.1170710120759,-106.15146222744501,-107.12027056123823,2.021126388836484,152,-100.0546084122052,-101.4650038098496,-101.5229214406738,-102.0225820050831,-101.31685027039025,-101.2763931876404,0.655369012184776
33,116.12904734611512,0.7398882684534199,0.6185524463653564,0.025243219024228505,True,10,12,4,8,100,"{'bootstrap': True, 'max_depth': 10, 'max_features': 12, 'min_samples_leaf': 4, 'min_samples_split': 8, 'n_estimators': 100}",-109.90137432210501,-105.2980721474975,-105.13228504022213,-109.01268411822609,-106.21014859380458,-107.11091284437107,1.9705910205554147,150,-100.05789827087388,-101.50518720051902,-101.55831204779811,-102.00828029246004,-101.29045289786225,-101.28402614190266,0.6560670554031091
34,115.5495409488678,0.9364752267982609,0.670658540725708,0.044037997473245195,True,10,12,4,16,100,"{'bootstrap': True, 'max_depth': 10, 'max_features': 12, 'min_samples_leaf': 4, 'min_samples_split': 16, 'n_estimators': 100}",-109.91418076094894,-105.30189036246782,-105.13089380841231,-109.13497816020372,-106.26027747018193,-107.14844411244295,1.9932248592202775,155,-100.27289069060878,-101.80556012507158,-101.87318545067441,-102.26195854158215,-101.56232873338986,-101.55518470826534,0.6793630189799479
35,115.7208854675293,0.7623905580492556,0.6101672649383545,0.016793550004577405,True,10,12,4,32,100,"{'bootstrap': True, 'max_depth': 10, 'max_features': 12, 'min_samples_leaf': 4, 'min_samples_split': 32, 'n_estimators': 100}",-109.89591626939209,-105.38412152027722,-105.19508295414319,-109.14321738946869,-106.35937049645752,-107.19554172594773,1.9528299439215102,160,-100.69700915957995,-102.18735045274391,-102.33010624468488,-102.60331081291741,-101.94307368666983,-101.9521700713192,0.6629693034954545
36,116.09624419212341,0.6746758104525749,0.6208578586578369,0.02443194905481333,True,10,12,8,4,100,"{'bootstrap': True, 'max_depth': 10, 'max_features': 12, 'min_samples_leaf': 8, 'min_samples_split': 4, 'n_estimators': 100}",-109.90060910210042,-105.25882089656112,-105.04714710212104,-109.02057456907244,-106.21538425972408,-107.08850718591582,1.9958981994817053,147,-100.26977951704846,-101.74715048219913,-101.85204884514135,-102.27651652448536,-101.6156220011183,-101.55222347399852,0.678406086448108
37,115.16887154579163,0.8378791210641634,0.6170445442199707,0.029808203244231706,True,10,12,8,8,100,"{'bootstrap': True, 'max_depth': 10, 'max_features': 12, 'min_samples_leaf': 8, 'min_samples_split': 8, 'n_estimators': 100}",-109.90575070693488,-105.19827220837668,-105.12350649664504,-109.11737793812108,-106.19125877707398,-107.10723322543033,2.0144823131223855,148,-100.33644646640428,-101.7987141899084,-101.90339435916117,-102.18818782666995,-101.56627074101971,-101.55860271663269,0.6429054216145794
38,115.11565985679627,0.9254012954486729,0.6086612224578858,0.027851704018785145,True,10,12,8,16,100,"{'bootstrap': True, 'max_depth': 10, 'max_features': 12, 'min_samples_leaf': 8, 'min_samples_split': 16, 'n_estimators': 100}",-109.92646145666232,-105.20296462777294,-105.0758629459715,-108.94702637623324,-106.20507704313559,-107.07147848995513,1.9946470631927637,145,-100.35338294845097,-101.76675712933985,-101.88263876304192,-102.19860296339509,-101.52932751525964,-101.5461418638975,0.63412353647139
39,114.81030979156495,0.7665863142424567,0.6048489093780518,0.035033439054123046,True,10,12,8,32,100,"{'bootstrap': True, 'max_depth': 10, 'max_features': 12, 'min_samples_leaf': 8, 'min_samples_split': 32, 'n_estimators': 100}",-109.88879334201926,-105.23097892320621,-105.10736683905346,-109.09620647518517,-106.28070019173215,-107.12080915423925,1.9947492256919082,153,-100.73617762794647,-102.194169783816,-102.33503783410588,-102.55820515778753,-101.94248907100524,-101.95321589493223,0.6404929329870827
40,114.26859364509582,0.45555275502932563,0.6162522792816162,0.02286411800742452,True,10,12,16,4,100,"{'bootstrap': True, 'max_depth': 10, 'max_features': 12, 'min_samples_leaf': 16, 'min_samples_split': 4, 'n_estimators': 100}",-109.8669508806988,-105.1692247626554,-105.04985502689892,-109.09151757863421,-106.22835387752228,-107.08118042528193,2.015497107462633,146,-100.92122161784819,-102.36529162879795,-102.47697469395747,-102.62269036768916,-102.0438110660267,-102.08599787486389,0.612762623151492
41,114.18721876144409,0.36070532824777257,0.6230763912200927,0.0354044513684338,True,10,12,16,8,100,"{'bootstrap': True, 'max_depth': 10, 'max_features': 12, 'min_samples_leaf': 16, 'min_samples_split': 8, 'n_estimators': 100}",-109.90506335990844,-105.25736964964922,-105.03340088065495,-109.11857348699951,-106.27708158999977,-107.11829779344237,2.0141826415160446,151,-100.87439103320897,-102.34927048519316,-102.44485507866096,-102.68598026455156,-102.07424643541863,-102.08574865940666,0.636584440987102
42,114.03279376029968,0.318010155156954,0.5990381717681885,0.014420461067562675,True,10,12,16,16,100,"{'bootstrap': True, 'max_depth': 10, 'max_features': 12, 'min_samples_leaf': 16, 'min_samples_split': 16, 'n_estimators': 100}",-109.90856237019845,-105.25367424181933,-104.9983763790802,-109.14401862086196,-106.32008019082421,-107.12494236055684,2.0246945281226365,154,-100.87948014747789,-102.34503548932175,-102.45185572290075,-102.66611414107003,-102.14593187249822,-102.09768347465373,0.6318356870813784
43,114.24105839729309,0.555871506694413,0.6356508731842041,0.02945598669743483,True,10,12,16,32,100,"{'bootstrap': True, 'max_depth': 10, 'max_features': 12, 'min_samples_leaf': 16, 'min_samples_split': 32, 'n_estimators': 100}",-109.91942675637145,-105.23304266005617,-105.03290356618456,-109.07165655163323,-106.29518422986419,-107.11044275282192,2.012073424924196,149,-100.90126553849763,-102.32884095543655,-102.46326959363438,-102.64894610118036,-102.07215440264146,-102.08289531827806,0.6199921996843368
44,113.63700580596924,0.7281384391095094,0.6069552898406982,0.03581034337991353,True,10,12,32,4,100,"{'bootstrap': True, 'max_depth': 10, 'max_features': 12, 'min_samples_leaf': 32, 'min_samples_split': 4, 'n_estimators': 100}",-109.91066013591039,-105.31725265930112,-104.98576521920747,-109.27195823084148,-106.48362990467987,-107.19385322998808,2.0298403728227803,159,-101.59674801736303,-103.22914150217981,-103.2691864387656,-103.37771132326274,-102.84675513064244,-102.86390848244272,0.6584267038268155
45,114.60938229560853,0.8624170050785648,0.6210647106170655,0.0325278045909608,True,10,12,32,8,100,"{'bootstrap': True, 'max_depth': 10, 'max_features': 12, 'min_samples_leaf': 32, 'min_samples_split': 8, 'n_estimators': 100}",-109.9181861363743,-105.14490082397353,-104.98571386896808,-109.32469896515379,-106.44510040382926,-107.16372003965981,2.078108249373711,156,-101.66410557235267,-103.18189555475725,-103.30673411644646,-103.3386041280462,-102.81055632149692,-102.86037913861989,0.6268743847125886
46,113.95535740852355,1.0167359867798877,0.6077285766601562,0.022618666461247668,True,10,12,32,16,100,"{'bootstrap': True, 'max_depth': 10, 'max_features': 12, 'min_samples_leaf': 32, 'min_samples_split': 16, 'n_estimators': 100}",-109.92069645937464,-105.2186533560822,-104.9864368916083,-109.32688091288564,-106.44396382937558,-107.17932628986527,2.0649872386863195,158,-101.68115116588532,-103.09290098635108,-103.26759761036323,-103.3544854018761,-102.82656308660034,-102.84453965021521,0.6090159247309674
47,113.90902223587037,1.1248272447902476,0.6053329944610596,0.009226755569168455,True,10,12,32,32,100,"{'bootstrap': True, 'max_depth': 10, 'max_features': 12, 'min_samples_leaf': 32, 'min_samples_split': 32, 'n_estimators': 100}",-109.90118933808878,-105.20513219144573,-105.02202800660176,-109.28173542119326,-106.46101144259427,-107.17421927998475,2.044303629211792,157,-101.64726798406674,-103.18185964076599,-103.28879180607689,-103.36417837502752,-102.8812130760479,-102.87266217639701,0.6343530812832066
48,95.3658586025238,0.6220989710696596,1.792017889022827,0.1739842506703506,True,20,6,4,4,100,"{'bootstrap': True, 'max_depth': 20, 'max_features': 6, 'min_samples_leaf': 4, 'min_samples_split': 4, 'n_estimators': 100}",-109.83972799237165,-104.61804648159759,-104.75167080880833,-103.06365688141535,-100.86997734555567,-104.6286159019497,2.9579521285934978,44,-69.15573166127935,-70.784378606452,-70.64236271257501,-74.02029597116008,-71.43037838936056,-71.2066294681654,1.5918327390641616
49,95.99339017868041,1.3079593524761037,1.7470220088958741,0.16911895100237848,True,20,6,4,8,100,"{'bootstrap': True, 'max_depth': 20, 'max_features': 6, 'min_samples_leaf': 4, 'min_samples_split': 8, 'n_estimators': 100}",-109.69977528107103,-104.54284032748004,-104.70248187354197,-103.05909418864461,-100.65211382989035,-104.5312611001256,2.965064870447945,39,-69.11584333681265,-70.64200166451438,-70.73115650062705,-73.81480342573096,-71.31293917139888,-71.12334881981678,1.5294090728481022
50,90.47440738677979,0.5446653772361462,1.3154513359069824,0.06054280298922526,True,20,6,4,16,100,"{'bootstrap': True, 'max_depth': 20, 'max_features': 6, 'min_samples_leaf': 4, 'min_samples_split': 16, 'n_estimators': 100}",-109.72264103558098,-104.54595353627296,-104.74483100366822,-104.18905336145554,-101.69125964269217,-104.97874771593399,2.6144883500837914,62,-75.51908533038441,-76.96977032435791,-76.87763206346082,-79.95949128115704,-77.7799028342095,-77.42117636671394,1.462113909278324
51,87.24870100021363,0.4481996110994536,1.087477970123291,0.031091758504861493,True,20,6,4,32,100,"{'bootstrap': True, 'max_depth': 20, 'max_features': 6, 'min_samples_leaf': 4, 'min_samples_split': 32, 'n_estimators': 100}",-109.68622835476452,-104.56416241466383,-104.77774148372438,-105.53714671779565,-102.78795160718371,-105.47064611562641,2.2923453186497134,95,-82.91780838143342,-84.31118026363107,-84.50896403002895,-86.86351307190046,-85.0728406028395,-84.73486126996667,1.2788748868590065
52,87.15369777679443,0.4744905305692991,1.2558358669281007,0.03853793214362287,True,20,6,8,4,100,"{'bootstrap': True, 'max_depth': 20, 'max_features': 6, 'min_samples_leaf': 8, 'min_samples_split': 4, 'n_estimators': 100}",-109.64629708889542,-104.55542188522007,-104.46554727534249,-104.84944009660447,-102.07525251839796,-105.11839177289207,2.472977925882821,75,-79.16854483248424,-80.57386930363461,-80.54991693371855,-83.45594827628146,-81.35362538915184,-81.02038094705414,1.4066304492770578
53,87.29469556808472,0.654239661984522,1.2709275245666505,0.02389606235248893,True,20,6,8,8,100,"{'bootstrap': True, 'max_depth': 20, 'max_features': 6, 'min_samples_leaf': 8, 'min_samples_split': 8, 'n_estimators': 100}",-109.78523640412686,-104.53680641375317,-104.54037767620393,-104.92836855612552,-102.06697489445854,-105.17155278893361,2.5213053745544762,79,-79.13171147640706,-80.52290960757023,-80.46647605694015,-83.49970676557712,-81.27314397465392,-80.9787895762297,1.4369173380633398
54,87.4020311832428,0.37853150344069997,1.2369593143463136,0.020697288891257777,True,20,6,8,16,100,"{'bootstrap': True, 'max_depth': 20, 'max_features': 6, 'min_samples_leaf': 8, 'min_samples_split': 16, 'n_estimators': 100}",-109.67235478412903,-104.63594390520466,-104.61178532928923,-104.830863346198,-102.14059881264878,-105.17830923549393,2.4560113248948543,80,-79.21064753599005,-80.63773733018895,-80.55397399347692,-83.26289472832678,-81.3076680697561,-80.99458433154777,1.322661046996147
55,84.5001036643982,0.29218123856691786,1.0625699520111085,0.027965564165228263,True,20,6,8,32,100,"{'bootstrap': True, 'max_depth': 20, 'max_features': 6, 'min_samples_leaf': 8, 'min_samples_split': 32, 'n_estimators': 100}",-109.70028108431141,-104.62119219573897,-104.63010175622617,-106.02934556286307,-103.00164790248319,-105.59651370032456,2.2648082812862085,96,-85.15040968035277,-86.42376263084105,-86.55990800129841,-88.93283656912669,-87.21218820579661,-86.85582101748311,1.2348002240122677
56,81.63213214874267,0.36660689021798587,1.025966501235962,0.02636847834599346,True,20,6,16,4,100,"{'bootstrap': True, 'max_depth': 20, 'max_features': 6, 'min_samples_leaf': 16, 'min_samples_split': 4, 'n_estimators': 100}",-109.75368019074055,-104.67139621541969,-104.66227071770697,-106.76236627043,-103.70468564573487,-105.91087980800641,2.165861532764428,119,-88.776604022211,-90.28945086463877,-90.3955116518964,-92.25355143731211,-90.88399307617034,-90.51982221044572,1.1176556871650083
57,81.61193919181824,0.2585895145786601,1.0097532272338867,0.00901016352616721,True,20,6,16,8,100,"{'bootstrap': True, 'max_depth': 20, 'max_features': 6, 'min_samples_leaf': 16, 'min_samples_split': 8, 'n_estimators': 100}",-109.79426230693176,-104.6972395700566,-104.62101847854284,-106.7709494525782,-103.66742428077394,-105.91017881777665,2.190439889548367,118,-88.86007625669542,-90.27176249594417,-90.36165980618954,-92.30980770234761,-90.91586656277254,-90.54383456478985,1.113491968852282
58,81.69835991859436,0.1649304131798375,1.0238684177398683,0.019297790907325123,True,20,6,16,16,100,"{'bootstrap': True, 'max_depth': 20, 'max_features': 6, 'min_samples_leaf': 16, 'min_samples_split': 16, 'n_estimators': 100}",-109.76766958860202,-104.65205694395812,-104.58269633281077,-106.78262763606577,-103.70226014665721,-105.89746212961877,2.1845172772170116,117,-88.82039573311047,-90.19910310408365,-90.24601743650014,-92.28379754537504,-90.79100997811463,-90.46806475943679,1.116927729997487
59,84.36936302185059,1.5803619979284402,1.0341142177581788,0.058454320011781004,True,20,6,16,32,100,"{'bootstrap': True, 'max_depth': 20, 'max_features': 6, 'min_samples_leaf': 16, 'min_samples_split': 32, 'n_estimators': 100}",-109.76062885990319,-104.69213274236861,-104.72742112468185,-106.74030673247496,-103.72940465757749,-105.92997882340121,2.1518106617797113,120,-88.87636757945234,-90.2217795860307,-90.35584019236161,-92.29693416676524,-90.84747090771326,-90.51967848646464,1.1029182293523598
60,77.19904813766479,0.5891287948644194,0.8202978134155273,0.03119330337069294,True,20,6,32,4,100,"{'bootstrap': True, 'max_depth': 20, 'max_features': 6, 'min_samples_leaf': 32, 'min_samples_split': 4, 'n_estimators': 100}",-110.16998630001906,-105.13720751546234,-104.91544765881842,-108.43001302853578,-105.22110625764228,-106.77475215209559,2.136346633359756,139,-96.4337713458224,-97.78754186824823,-97.93091559353476,-98.8827905112932,-97.92111796647417,-97.79122745707456,0.7836574377590989
61,76.3878246307373,0.2376607103925051,0.8799242973327637,0.03200472834785077,True,20,6,32,8,100,"{'bootstrap': True, 'max_depth': 20, 'max_features': 6, 'min_samples_leaf': 32, 'min_samples_split': 8, 'n_estimators': 100}",-110.01548589972936,-105.11869429492114,-105.03393397708591,-108.56612691320925,-105.32223840661739,-106.81129589831262,2.077858188444337,144,-96.28442972383974,-97.81232264071944,-97.92533439804336,-98.87993213935466,-98.06076581964177,-97.79255694431978,0.8422338230803827
62,76.33766670227051,0.4065114430654954,0.8640000343322753,0.04616323882194178,True,20,6,32,16,100,"{'bootstrap': True, 'max_depth': 20, 'max_features': 6, 'min_samples_leaf': 32, 'min_samples_split': 16, 'n_estimators': 100}",-110.11884667776027,-105.10344157295013,-104.95307687110927,-108.54317559185851,-105.33002376266035,-106.8097128952677,2.1214711118291456,143,-96.4239301823528,-97.82333669980319,-97.93030023158792,-98.95362517957065,-98.02439246253122,-97.83111695116916,0.81085789185024
63,76.17407221794129,0.47450165747501977,0.8173694610595703,0.04406920675427903,True,20,6,32,32,100,"{'bootstrap': True, 'max_depth': 20, 'max_features': 6, 'min_samples_leaf': 32, 'min_samples_split': 32, 'n_estimators': 100}",-110.01680033257651,-105.07321884540096,-104.94191300343431,-108.47969356913498,-105.22075719584058,-106.74647658927748,2.1015765208792714,135,-96.38703314664328,-97.81747875383513,-97.97686029003867,-98.92195364718198,-97.94608114075456,-97.80988139569072,0.813350093615057
64,129.15472016334533,0.815209125584473,1.6122144222259522,0.05550819840692528,True,20,9,4,4,100,"{'bootstrap': True, 'max_depth': 20, 'max_features': 9, 'min_samples_leaf': 4, 'min_samples_split': 4, 'n_estimators': 100}",-109.39014877241509,-104.07451971478945,-104.39612109419205,-102.29016968666542,-99.92880520894828,-104.01595289540205,3.1213152083905293,14,-65.95096590517828,-67.66906962047024,-67.63017183550053,-70.7931408927467,-68.46528980235524,-68.1017276112502,1.575513669985184
65,129.48729701042174,0.39440932056059,1.6704246520996093,0.13376774299437236,True,20,9,4,8,100,"{'bootstrap': True, 'max_depth': 20, 'max_features': 9, 'min_samples_leaf': 4, 'min_samples_split': 8, 'n_estimators': 100}",-109.41323805179516,-104.07681252950786,-104.38626324039436,-102.32984007631053,-100.1710972400989,-104.07545022762137,3.0620160839619537,16,-66.08038659997848,-67.7323511233996,-67.7327385813285,-70.86580616875499,-68.38350546210614,-68.15895758711353,1.5531621973530332
66,126.06687965393067,0.6407083316582781,1.3746649742126464,0.049378159008540784,True,20,9,4,16,100,"{'bootstrap': True, 'max_depth': 20, 'max_features': 9, 'min_samples_leaf': 4, 'min_samples_split': 16, 'n_estimators': 100}",-109.46245505561579,-104.08456665039238,-104.48978621369133,-103.55436374838155,-101.00444471456102,-104.51912327652842,2.753541557478775,38,-72.95681569082585,-74.40312501850306,-74.35896048064235,-77.50416779055969,-75.28327675006146,-74.90126914611848,1.4996103936044076
67,122.03623342514038,0.1968355025332061,1.097282075881958,0.02639436080996562,True,20,9,4,32,100,"{'bootstrap': True, 'max_depth': 20, 'max_features': 9, 'min_samples_leaf': 4, 'min_samples_split': 32, 'n_estimators': 100}",-109.31993766480096,-104.13047716764825,-104.39031199206217,-104.80633249279224,-102.07589320989072,-104.94459050543887,2.3816887879672204,61,-80.69272782266279,-82.1679710906496,-82.21618234486667,-84.8662762795086,-82.80259906913226,-82.54915132136398,1.3517232517518227
68,122.24930377006531,0.37501548926489475,1.2659661769866943,0.05396828748226253,True,20,9,8,4,100,"{'bootstrap': True, 'max_depth': 20, 'max_features': 9, 'min_samples_leaf': 8, 'min_samples_split': 4, 'n_estimators': 100}",-109.34427420935427,-104.0788193823953,-104.18054487119254,-104.14468168279565,-101.33434564736139,-104.61653315861983,2.6010058057994927,43,-76.31782364842263,-77.8664181687711,-77.80003671915857,-80.86667652287126,-78.64160428059067,-78.29851186796284,1.4880517706185938
69,121.97614512443542,0.2441468814044767,1.2855443954467773,0.038652483187463185,True,20,9,8,8,100,"{'bootstrap': True, 'max_depth': 20, 'max_features': 9, 'min_samples_leaf': 8, 'min_samples_split': 8, 'n_estimators': 100}",-109.35417916743575,-104.00056967932821,-104.15446738049334,-104.04054054326475,-101.29205701247255,-104.56836275659892,2.6233761719234088,40,-76.39530803553404,-77.9417608996564,-77.81345873337357,-80.81577154209097,-78.6572142005019,-78.32470268223138,1.4454457071183617
70,122.34843459129334,0.23378106360188666,1.242437982559204,0.04309113990734656,True,20,9,8,16,100,"{'bootstrap': True, 'max_depth': 20, 'max_features': 9, 'min_samples_leaf': 8, 'min_samples_split': 16, 'n_estimators': 100}",-109.33826067416588,-103.93808282737533,-104.20254145615516,-104.07210674286154,-101.35882217345815,-104.5819627748032,2.60113437332916,41,-76.40639498533275,-77.82769685767352,-77.70122726297214,-80.79433853425681,-78.58603298228626,-78.26313812450431,1.4466571536850688
71,118.27902874946594,0.2921147259256589,1.051869773864746,0.016825642244504876,True,20,9,8,32,100,"{'bootstrap': True, 'max_depth': 20, 'max_features': 9, 'min_samples_leaf': 8, 'min_samples_split': 32, 'n_estimators': 100}",-109.35461361043541,-104.03085901086072,-104.25777165746365,-105.21461931020195,-102.24352358854641,-105.02027743550164,2.370441505236627,63,-82.87206172257027,-84.26404199784166,-84.28273221138234,-86.84428651308473,-85.06340209375234,-84.66530490772627,1.2984249780374508
72,114.60180206298828,0.44341516000077336,0.9933583736419678,0.018834675735909023,True,20,9,16,4,100,"{'bootstrap': True, 'max_depth': 20, 'max_features': 9, 'min_samples_leaf': 16, 'min_samples_split': 4, 'n_estimators': 100}",-109.24167152647544,-104.04834839613332,-104.05675098235477,-106.03751477801312,-102.8695964878968,-105.2507764341747,2.2399887840002064,88,-86.67305463325916,-88.10262354481827,-88.16193606720383,-90.3211105701156,-88.74005403228377,-88.39975576953613,1.1776034783527272
73,114.44303650856018,0.19076830481770315,1.0278700828552245,0.06007571717122621,True,20,9,16,8,100,"{'bootstrap': True, 'max_depth': 20, 'max_features': 9, 'min_samples_leaf': 16, 'min_samples_split': 8, 'n_estimators': 100}",-109.25140766646,-104.06672581210493,-104.22195865535132,-105.97936113962034,-102.84537219636518,-105.27296509398033,2.226200156838775,90,-86.69717761785495,-88.14965910099819,-88.13014349079737,-90.33858747382095,-88.68966214342575,-88.40104596537944,1.1727844855025868
74,114.84435482025147,0.4705814039238511,0.9881553649902344,0.03362584376350855,True,20,9,16,16,100,"{'bootstrap': True, 'max_depth': 20, 'max_features': 9, 'min_samples_leaf': 16, 'min_samples_split': 16, 'n_estimators': 100}",-109.3394040427901,-104.01924767333166,-104.13920862889903,-106.03995152808122,-102.9071918580117,-105.28900074622274,2.2617251071142457,92,-86.75461772810695,-88.11010582602762,-88.18212054729943,-90.32893160733158,-88.72498413171569,-88.42015196809625,1.1543963124690932
75,115.63863110542297,0.38080754404042055,1.06106858253479,0.022163048536477166,True,20,9,16,32,100,"{'bootstrap': True, 'max_depth': 20, 'max_features': 9, 'min_samples_leaf': 16, 'min_samples_split': 32, 'n_estimators': 100}",-109.26078733149905,-103.99497898292552,-104.10668699554525,-106.12213481867317,-102.88177691458279,-105.27327300864515,2.2510019528003697,91,-86.71111421641825,-88.14113299132954,-88.13495230078395,-90.36287267991337,-88.75137849522348,-88.42029013673371,1.180158900931114
76,106.20125994682311,0.866069809718049,0.8443022251129151,0.035133782913061386,True,20,9,32,4,100,"{'bootstrap': True, 'max_depth': 20, 'max_features': 9, 'min_samples_leaf': 32, 'min_samples_split': 4, 'n_estimators': 100}",-109.40876820004308,-104.2142470537165,-104.17295824034514,-107.81961053599696,-104.31741533180352,-105.98659987238105,2.2039905476007773,127,-94.73708511210104,-96.21791345055844,-96.23677999278375,-97.37289458682834,-96.36561972897475,-96.18605857424927,0.8418946986997333
77,106.85183215141296,0.6529441154246123,0.8571749687194824,0.04274767527527575,True,20,9,32,8,100,"{'bootstrap': True, 'max_depth': 20, 'max_features': 9, 'min_samples_leaf': 32, 'min_samples_split': 8, 'n_estimators': 100}",-109.36594888765909,-104.24453260661663,-104.19837444145645,-107.83741741825489,-104.31791671117779,-105.99283801303295,2.184599863861473,129,-94.76415753041454,-96.22580498452157,-96.30084841510848,-97.41796472114288,-96.35819266438726,-96.21339366311494,0.8461732597379503
78,107.57036995887756,0.4101031076537904,0.8285927772521973,0.035774296697182247,True,20,9,32,16,100,"{'bootstrap': True, 'max_depth': 20, 'max_features': 9, 'min_samples_leaf': 32, 'min_samples_split': 16, 'n_estimators': 100}",-109.37305467221076,-104.28771179948208,-104.16572875126262,-107.75590914237073,-104.39099702188126,-105.99468027744149,2.1608306606449226,131,-94.80778978618348,-96.172693244798,-96.27785417372978,-97.39094739813562,-96.44244961580725,-96.21834684373081,0.8271046727783048
79,106.90218114852905,0.5108333721470298,0.8496066570281983,0.030628456979790677,True,20,9,32,32,100,"{'bootstrap': True, 'max_depth': 20, 'max_features': 9, 'min_samples_leaf': 32, 'min_samples_split': 32, 'n_estimators': 100}",-109.38037457989948,-104.2085906795419,-104.20967863950841,-107.7842084589334,-104.38539576901742,-105.99364962538012,2.1740043808159406,130,-94.75457458393193,-96.17727364123377,-96.30005652952397,-97.40097081926172,-96.41844034904402,-96.21026318459909,0.8472665294837003
80,167.74744911193847,0.43453018266728866,1.5539483070373534,0.05565666619337662,True,20,12,4,4,100,"{'bootstrap': True, 'max_depth': 20, 'max_features': 12, 'min_samples_leaf': 4, 'min_samples_split': 4, 'n_estimators': 100}",-109.36457786690801,-104.01679302818474,-104.40745568069937,-102.11148756162633,-99.84446457208152,-103.9489557419,3.154898545715911,9,-64.51510838943703,-66.18481425971937,-66.04472538242703,-69.57274178584547,-67.030478746304,-66.66957371274657,1.6628761406943968
81,168.40889239311218,1.2802072442483423,1.6145548820495605,0.045397602221858284,True,20,12,4,8,100,"{'bootstrap': True, 'max_depth': 20, 'max_features': 12, 'min_samples_leaf': 4, 'min_samples_split': 8, 'n_estimators': 100}",-109.37798165449158,-104.10749281174945,-104.45127875857303,-102.09942295891015,-99.87694758290087,-103.98262475332504,3.154303052208038,12,-64.67817838105529,-66.28706503457747,-66.00753238562818,-69.30706292685085,-66.81658611290045,-66.61928496820244,1.5176023317025746
82,162.92825603485107,0.5326389443612244,1.3972657203674317,0.0789495517175747,True,20,12,4,16,100,"{'bootstrap': True, 'max_depth': 20, 'max_features': 12, 'min_samples_leaf': 4, 'min_samples_split': 16, 'n_estimators': 100}",-109.37834635504254,-103.95757070522251,-104.44697202303479,-103.26034561011753,-100.83515293525511,-104.3756775257345,2.792342074038111,28,-71.52622511730603,-72.9399887815097,-72.93365028997832,-76.17842643784039,-73.81756841300877,-73.47917180792864,1.536411446089145
83,157.66430978775026,0.7547407671383991,1.1027838230133056,0.07937285174986686,True,20,12,4,32,100,"{'bootstrap': True, 'max_depth': 20, 'max_features': 12, 'min_samples_leaf': 4, 'min_samples_split': 32, 'n_estimators': 100}",-109.26513401920732,-104.02768321948109,-104.43957422670825,-104.69163107227192,-101.87435828694701,-104.85967616492312,2.417317471552278,56,-79.63224770522389,-81.1411190351758,-81.02262704450767,-83.73904278591763,-81.77290889103915,-81.46158909237283,1.3360833799613219
84,157.58705153465272,1.0384220742668613,1.2252032279968261,0.03612277107811752,True,20,12,8,4,100,"{'bootstrap': True, 'max_depth': 20, 'max_features': 12, 'min_samples_leaf': 8, 'min_samples_split': 4, 'n_estimators': 100}",-109.39029325554232,-103.89384320852913,-104.18802310599158,-103.73947043563001,-101.1145413552795,-104.4652342721945,2.698644694571274,37,-74.8285195739035,-76.17998338304751,-76.22641466197399,-79.4178072538843,-77.2160712684005,-76.77375922824197,1.5246470440165902
85,157.20292434692382,1.0065648894480133,1.2672322273254395,0.03928276470958505,True,20,12,8,8,100,"{'bootstrap': True, 'max_depth': 20, 'max_features': 12, 'min_samples_leaf': 8, 'min_samples_split': 8, 'n_estimators': 100}",-109.34436638647688,-103.97987697526534,-104.08037397862789,-103.67717289028897,-101.13751980758063,-104.44386200764794,2.6788825943314563,34,-74.88281259980282,-76.27728704491692,-76.2614389338919,-79.39319315254498,-77.14839415464745,-76.79262517716082,1.4889353012238749
86,158.1547772884369,0.7276046595803236,1.2623695850372314,0.06021746754246378,True,20,12,8,16,100,"{'bootstrap': True, 'max_depth': 20, 'max_features': 12, 'min_samples_leaf': 8, 'min_samples_split': 16, 'n_estimators': 100}",-109.24261521046117,-103.91083651541162,-104.08617490271173,-103.77063429151949,-101.06762306038685,-104.41557679609816,2.6566261785477367,32,-74.86264402769092,-76.38752361537647,-76.26381128995264,-79.38442084323442,-77.00064310949305,-76.77980857714951,1.4784068146923528
87,153.06503524780274,0.5064338539940217,1.0861618995666504,0.06176660286527098,True,20,12,8,32,100,"{'bootstrap': True, 'max_depth': 20, 'max_features': 12, 'min_samples_leaf': 8, 'min_samples_split': 32, 'n_estimators': 100}",-109.27336791870341,-103.98360336323103,-104.13046919082673,-104.95421390177872,-102.13152630323115,-104.8946361355542,2.3759439941265725,60,-81.71875547786085,-83.09824392024899,-83.1177928643458,-85.70613635455437,-83.7798230024301,-83.48415032388803,1.2980296418975799
88,147.65689897537231,0.8287958025260447,1.0088385105133058,0.03990409680806032,True,20,12,16,4,100,"{'bootstrap': True, 'max_depth': 20, 'max_features': 12, 'min_samples_leaf': 16, 'min_samples_split': 4, 'n_estimators': 100}",-109.251409095924,-103.95438550092405,-103.90845418738814,-105.83802220791935,-102.55690729811316,-105.10183565805376,2.322859957351551,73,-85.5359931253379,-86.97508714192752,-86.9147499765295,-89.29130947275775,-87.55338292265712,-87.25410452784196,1.2152934254529608
89,147.28765778541566,1.0455161807957485,1.0044276237487793,0.026038521828396465,True,20,12,16,8,100,"{'bootstrap': True, 'max_depth': 20, 'max_features': 12, 'min_samples_leaf': 16, 'min_samples_split': 8, 'n_estimators': 100}",-109.13566453059664,-103.90877968356158,-104.03040920244308,-105.7614954888664,-102.59666215459607,-105.08660221201276,2.2606635161579147,72,-85.55508340229055,-86.92886653777735,-86.95402665877428,-89.26560531394047,-87.561989760244,-87.25311433460533,1.2019503391695014
90,147.3151611328125,0.4876102111141157,0.9983635902404785,0.031299372039173295,True,20,12,16,16,100,"{'bootstrap': True, 'max_depth': 20, 'max_features': 12, 'min_samples_leaf': 16, 'min_samples_split': 16, 'n_estimators': 100}",-109.24957977572879,-103.92403713878143,-104.00274689325452,-105.73874099849286,-102.59519798712759,-105.10206055867704,2.30164581565889,74,-85.5499922911952,-86.98565538672347,-86.9627625034191,-89.277570330481,-87.56974068604107,-87.26914423957197,1.2044793651880499
91,147.8374825000763,0.8665118744850473,1.0323948383331298,0.04424073868549428,True,20,12,16,32,100,"{'bootstrap': True, 'max_depth': 20, 'max_features': 12, 'min_samples_leaf': 16, 'min_samples_split': 32, 'n_estimators': 100}",-109.1923711061759,-103.97422546157314,-103.9939811328781,-105.83540929244968,-102.68238710617523,-105.13567481985042,2.2635133215607763,76,-85.52677347218467,-86.95396967451913,-86.95760962389498,-89.29997302360586,-87.54419877121234,-87.25650491308339,1.2191280898111647
92,135.10921540260316,0.7309480987398769,0.8361041069030761,0.027930263829677882,True,20,12,32,4,100,"{'bootstrap': True, 'max_depth': 20, 'max_features': 12, 'min_samples_leaf': 32, 'min_samples_split': 4, 'n_estimators': 100}",-109.24416157930621,-104.00641227155783,-104.00711932589594,-107.55426720574246,-104.10540069660787,-105.78347221582206,2.201880170468619,109,-93.9329516125567,-95.39629466121329,-95.51429474558313,-96.66550055193147,-95.61500247741893,-95.4248088097407,0.8729201929769742
93,136.39359440803528,0.807238089999839,0.8540611267089844,0.05800354696566146,True,20,12,32,8,100,"{'bootstrap': True, 'max_depth': 20, 'max_features': 12, 'min_samples_leaf': 32, 'min_samples_split': 8, 'n_estimators': 100}",-109.23156445245344,-103.97552729001615,-104.00899924154655,-107.54119871114766,-104.14078928489252,-105.77961579601126,2.1952081699723704,106,-93.91867953654733,-95.41001781905496,-95.46395017745014,-96.69578972005543,-95.61682970067258,-95.42105339075609,0.8857053899261993
94,136.0697455406189,0.6261595415745469,0.8354962348937989,0.021062254340444488,True,20,12,32,16,100,"{'bootstrap': True, 'max_depth': 20, 'max_features': 12, 'min_samples_leaf': 32, 'min_samples_split': 16, 'n_estimators': 100}",-109.24167397267951,-104.00324267205801,-104.06067913423068,-107.41999101549679,-104.10602644455474,-105.76632264780396,2.171954888132661,103,-93.92254888964248,-95.3824399071861,-95.4701351611534,-96.6408089622667,-95.6228629377069,-95.40775917159111,0.8691447321720498
95,136.34731230735778,0.8068682428665931,0.8239955902099609,0.03582654629001222,True,20,12,32,32,100,"{'bootstrap': True, 'max_depth': 20, 'max_features': 12, 'min_samples_leaf': 32, 'min_samples_split': 32, 'n_estimators': 100}",-109.2351584808522,-104.05317626281324,-103.99851529920953,-107.52421691007103,-104.10020793232793,-105.7822549770548,2.1889585049356803,108,-93.93222941145979,-95.37441317827329,-95.4500078509719,-96.64682390304749,-95.65093258855511,-95.41088138646153,0.8688441698649427
96,100.72842206954957,0.3039481718987417,2.102873945236206,0.1548563744507234,True,30,6,4,4,100,"{'bootstrap': True, 'max_depth': 30, 'max_features': 6, 'min_samples_leaf': 4, 'min_samples_split': 4, 'n_estimators': 100}",-109.8317241558567,-104.55168481394402,-104.7332078744773,-101.43303516780692,-99.59020339997295,-104.02797108241157,3.489488763334949,15,-59.385271153995774,-61.062381331872736,-61.054290932049746,-64.43443618415701,-61.87036853124716,-61.56134962666448,1.6487276578281624
97,101.71401715278625,1.3961971372280235,2.1557960987091063,0.15709185508464654,True,30,6,4,8,100,"{'bootstrap': True, 'max_depth': 30, 'max_features': 6, 'min_samples_leaf': 4, 'min_samples_split': 8, 'n_estimators': 100}",-109.87091920233146,-104.36622339133906,-104.66419635302474,-101.37010347333846,-99.63379072350853,-103.98104662870847,3.4934599377605466,11,-59.38928560989137,-61.05516346240273,-61.078960183216566,-64.406713005833,-61.928450382885885,-61.57171452884592,1.6393355159787164
98,95.67562127113342,0.5581341006144198,1.6859933853149414,0.11968707001411251,True,30,6,4,16,100,"{'bootstrap': True, 'max_depth': 30, 'max_features': 6, 'min_samples_leaf': 4, 'min_samples_split': 16, 'n_estimators': 100}",-109.96220753902031,-104.49788528418352,-104.77290945741498,-102.9489840769671,-100.74311398875992,-104.58502006926918,3.0461088646783536,42,-68.72278338787021,-70.24153870600979,-70.16386201446278,-73.58359678008884,-71.15243816802183,-70.7728438112907,1.6062575018165677
99,91.88812417984009,0.7021237648849123,1.446150541305542,0.19358031734865708,True,30,6,4,32,100,"{'bootstrap': True, 'max_depth': 30, 'max_features': 6, 'min_samples_leaf': 4, 'min_samples_split': 32, 'n_estimators': 100}",-109.7074934437944,-104.51337166812073,-104.77368258423033,-104.82075028485679,-102.08459723176453,-105.17997904255336,2.48267044579249,81,-78.92915244211564,-80.42959405292257,-80.3469471660517,-83.03939019660623,-81.16256433392233,-80.78152963832369,1.3406821844424712
100,91.21850380897521,0.8049867127134859,1.4742279529571534,0.06235043979343105,True,30,6,8,4,100,"{'bootstrap': True, 'max_depth': 30, 'max_features': 6, 'min_samples_leaf': 8, 'min_samples_split': 4, 'n_estimators': 100}",-109.61446190436054,-104.48818239862216,-104.5581713056028,-103.99291087941316,-101.37391939677819,-104.80552917695536,2.6729767321043076,52,-75.1763874612966,-76.6915234600997,-76.59438780236407,-79.751744819529,-77.54897691895904,-77.15260409244968,1.5061392290255666
101,90.81324663162232,0.2758459165843099,1.4525058269500732,0.04873792743624788,True,30,6,8,8,100,"{'bootstrap': True, 'max_depth': 30, 'max_features': 6, 'min_samples_leaf': 8, 'min_samples_split': 8, 'n_estimators': 100}",-109.68527068841921,-104.50408166358957,-104.68410032089511,-104.21071581122314,-101.37889740240685,-104.8926131773068,2.6823565360300314,59,-75.20855673947362,-76.65336304650249,-76.67447406569362,-79.76358704908144,-77.54448349860317,-77.16889287987087,1.4984421844614408
102,91.56698346138,0.3683566320833733,1.4561071872711182,0.052279666341907664,True,30,6,8,16,100,"{'bootstrap': True, 'max_depth': 30, 'max_features': 6, 'min_samples_leaf': 8, 'min_samples_split': 16, 'n_estimators': 100}",-109.64132220979414,-104.44503599806512,-104.60446312254516,-103.95715438185023,-101.51445951594417,-104.83248704563975,2.6496234758883204,53,-75.18324714807054,-76.61746441197722,-76.61258865408564,-79.78675499719962,-77.55151546926167,-77.15031413611895,1.5201455839298437
103,87.02754182815552,0.2964109645421158,1.1739157676696776,0.02411107139340773,True,30,6,8,32,100,"{'bootstrap': True, 'max_depth': 30, 'max_features': 6, 'min_samples_leaf': 8, 'min_samples_split': 32, 'n_estimators': 100}",-109.82130097194062,-104.46770104288609,-104.65164829492218,-105.5101849224045,-102.4740784952276,-105.3849827454762,2.4310139318382893,94,-82.66382024146967,-84.06305204147952,-83.99776816986152,-86.67316318117261,-84.77732460292759,-84.43502564738219,1.3109656936929108
104,83.39383459091187,0.47436901234175805,1.0731738090515137,0.0177736957685853,True,30,6,16,4,100,"{'bootstrap': True, 'max_depth': 30, 'max_features': 6, 'min_samples_leaf': 16, 'min_samples_split': 4, 'n_estimators': 100}",-109.81261293843578,-104.64917306109405,-104.63757691826571,-106.5251232635881,-103.36170917054457,-105.79723907038564,2.2471190649675825,113,-87.8213655357963,-89.15515108998015,-89.2071828930422,-91.31472495697376,-89.69157776054458,-89.4380004472674,1.125449712638013
105,84.05819272994995,0.6101162285748571,1.085180139541626,0.0476143677651465,True,30,6,16,8,100,"{'bootstrap': True, 'max_depth': 30, 'max_features': 6, 'min_samples_leaf': 16, 'min_samples_split': 8, 'n_estimators': 100}",-109.77533236374043,-104.72091080269273,-104.56953211936298,-106.56705295298428,-103.44958186868469,-105.81648202149302,2.2178020399829155,115,-87.76520680847838,-89.1763345049994,-89.23142159488933,-91.34771043022248,-89.80117387110566,-89.46436944193906,1.1562692576512241
106,84.0155541419983,0.5836381932593109,1.0933554649353028,0.04782742834760611,True,30,6,16,16,100,"{'bootstrap': True, 'max_depth': 30, 'max_features': 6, 'min_samples_leaf': 16, 'min_samples_split': 16, 'n_estimators': 100}",-109.81467408763598,-104.69246611505676,-104.65975858332084,-106.45221132247957,-103.41264680701428,-105.80635138310149,2.2257144022285016,114,-87.73578446381482,-89.19229566257982,-89.23935956024279,-91.31821025877356,-89.7012320548828,-89.43737640005875,1.1490732061008941
107,84.03320980072021,0.5907518634575816,1.0850836277008056,0.09058704063778139,True,30,6,16,32,100,"{'bootstrap': True, 'max_depth': 30, 'max_features': 6, 'min_samples_leaf': 16, 'min_samples_split': 32, 'n_estimators': 100}",-109.69395953466818,-104.49707847672079,-104.63114911703418,-106.44137473508411,-103.29322527105741,-105.71135742691293,2.230817397445132,97,-87.71227073102854,-89.0942661473162,-89.15904778229759,-91.3118199286374,-89.70544152367832,-89.39656922259161,1.161744581049506
108,76.45111842155457,1.0130913986666057,0.8608882427215576,0.025866754189753836,True,30,6,32,4,100,"{'bootstrap': True, 'max_depth': 30, 'max_features': 6, 'min_samples_leaf': 32, 'min_samples_split': 4, 'n_estimators': 100}",-110.16537156883967,-105.09249602381172,-104.94461222217993,-108.42337551916543,-105.2502278181623,-106.77521663043183,2.131564225911345,140,-96.18468539928024,-97.60815848747062,-97.66081106007859,-98.68689192250983,-97.7679025456424,-97.58168988299633,0.8018390086648433
109,77.36234154701233,0.1920564650637449,0.8552047729492187,0.024518218030613506,True,30,6,32,8,100,"{'bootstrap': True, 'max_depth': 30, 'max_features': 6, 'min_samples_leaf': 32, 'min_samples_split': 8, 'n_estimators': 100}",-110.0285790244336,-105.16852552813278,-105.05505213864618,-108.50364980701409,-105.14164208217332,-106.77948971608001,2.0871389411361907,141,-96.12517208868258,-97.69967171441765,-97.74180254588848,-98.73044871302564,-97.72715961050129,-97.60485093450312,0.8365555549002966
110,77.19999151229858,0.9727473166998579,0.8765523433685303,0.03340103160489133,True,30,6,32,16,100,"{'bootstrap': True, 'max_depth': 30, 'max_features': 6, 'min_samples_leaf': 32, 'min_samples_split': 16, 'n_estimators': 100}",-110.09742269034182,-105.07248759677887,-105.03565453936481,-108.43167175393457,-105.19595641743042,-106.76663859957009,2.1071285683937373,138,-96.11559708260883,-97.6469976609016,-97.76419895219952,-98.68963498941943,-97.78755990114998,-97.60079771725586,0.8312763730692018
111,76.51335444450379,0.5619904837970353,0.8326737403869628,0.022008622558453598,True,30,6,32,32,100,"{'bootstrap': True, 'max_depth': 30, 'max_features': 6, 'min_samples_leaf': 32, 'min_samples_split': 32, 'n_estimators': 100}",-110.09459670903733,-104.98195376964657,-104.98802639127547,-108.57089242204172,-105.15073860053981,-106.75724157850819,2.1582349107902035,136,-96.17850903221611,-97.52590721309494,-97.71152671258878,-98.75570828835485,-97.74246823487213,-97.58282389622536,0.8237776730646069
112,138.16433973312377,1.282155501730022,2.106250286102295,0.2151649778344542,True,30,9,4,4,100,"{'bootstrap': True, 'max_depth': 30, 'max_features': 9, 'min_samples_leaf': 4, 'min_samples_split': 4, 'n_estimators': 100}",-109.76226078964756,-104.0856909202682,-104.61897757962865,-100.89083701448439,-99.18652256524214,-103.70885777385419,3.6333666506975795,7,-56.802173597429274,-58.57251468208838,-58.58124802926313,-61.88689442562883,-59.29326280815651,-59.027218708513224,1.6495451503230831
113,139.4714099407196,1.345073329316581,2.179765319824219,0.05131156567436055,True,30,9,4,8,100,"{'bootstrap': True, 'max_depth': 30, 'max_features': 9, 'min_samples_leaf': 4, 'min_samples_split': 8, 'n_estimators': 100}",-109.58290438120406,-104.27276804748195,-104.49304904358245,-100.75144947643716,-99.21031686852004,-103.66209756344513,3.5891384987973836,4,-56.88405944991026,-58.68287251015232,-58.622279472538736,-61.84456529735434,-59.275423561081574,-59.06184005820745,1.6042902454426835
114,133.4953314304352,0.9734952800746024,1.663401222229004,0.13354774647018688,True,30,9,4,16,100,"{'bootstrap': True, 'max_depth': 30, 'max_features': 9, 'min_samples_leaf': 4, 'min_samples_split': 16, 'n_estimators': 100}",-109.56053420325017,-104.22156237976705,-104.54158914433725,-102.40773798935882,-100.1856155624049,-104.18340785582363,3.1041451014833896,20,-66.42107515689204,-68.021715527535,-68.02853773379098,-71.34922828912096,-68.92344216186451,-68.5487997738407,1.616072970301071
115,128.1691638469696,1.01719501088008,1.192699098587036,0.025045758284157962,True,30,9,4,32,100,"{'bootstrap': True, 'max_depth': 30, 'max_features': 9, 'min_samples_leaf': 4, 'min_samples_split': 32, 'n_estimators': 100}",-109.52710235726677,-104.06245262252163,-104.52373185240882,-104.13311243049378,-101.4761117030682,-104.74450219315183,2.624628329020818,48,-77.02588960756127,-78.44743181745534,-78.45256073215285,-81.28392148398834,-79.24361563336934,-78.89068385490543,1.3941326345674636
116,126.52023267745972,0.4224684350263357,1.460029697418213,0.0369085961073223,True,30,9,8,4,100,"{'bootstrap': True, 'max_depth': 30, 'max_features': 9, 'min_samples_leaf': 8, 'min_samples_split': 4, 'n_estimators': 100}",-109.42032117155753,-103.93288570043667,-104.2037237525594,-103.4479994048375,-100.83781428026425,-104.36854886193107,2.7946688950358527,27,-72.7260190976343,-74.14958711607213,-74.20964769834164,-77.43545183523342,-75.15958981660381,-74.73605911277707,1.5573964536864984
117,126.45219826698303,0.7254137225765938,1.4367238521575927,0.07598806475700663,True,30,9,8,8,100,"{'bootstrap': True, 'max_depth': 30, 'max_features': 9, 'min_samples_leaf': 8, 'min_samples_split': 8, 'n_estimators': 100}",-109.4947283032518,-104.00232006531162,-104.23182041477293,-103.42999724001919,-100.91046400941497,-104.4138660065541,2.802124038673727,31,-72.7507379271742,-74.14872956484967,-74.26487192894365,-77.45675363844295,-75.10441955341713,-74.74510252256552,1.5521554541987643
118,127.29372539520264,0.3473936481946959,1.4880449771881104,0.07100474568967097,True,30,9,8,16,100,"{'bootstrap': True, 'max_depth': 30, 'max_features': 9, 'min_samples_leaf': 8, 'min_samples_split': 16, 'n_estimators': 100}",-109.37758611272164,-104.04033237763187,-104.24014157032192,-103.51871437511956,-100.82407414729612,-104.40016971661821,2.7747140010572875,30,-72.70551821914232,-74.15015954796641,-74.20013050745226,-77.40960265862988,-75.08298866533009,-74.7096799197042,1.550374792599757
119,121.67778849601746,0.395851651700303,1.134707546234131,0.0173879184958823,True,30,9,8,32,100,"{'bootstrap': True, 'max_depth': 30, 'max_features': 9, 'min_samples_leaf': 8, 'min_samples_split': 32, 'n_estimators': 100}",-109.41094216804949,-103.97330326726335,-104.23665914719476,-104.88432760604185,-101.92415622769666,-104.88587768324922,2.469910190549005,58,-80.57642312330815,-82.04846887363065,-82.14941412814923,-84.7566075762313,-82.80244486823403,-82.46667171391067,1.3568445445461084
120,115.93162665367126,0.22031635888628673,1.0492183208465575,0.029904557115720543,True,30,9,16,4,100,"{'bootstrap': True, 'max_depth': 30, 'max_features': 9, 'min_samples_leaf': 16, 'min_samples_split': 4, 'n_estimators': 100}",-109.37080818442547,-103.9629861315516,-104.13864846458428,-105.88890617215148,-102.7658416566692,-105.2254381218764,2.299947580617691,85,-85.82376628523129,-87.23152987097085,-87.27233445838309,-89.53827814736276,-87.83016589431307,-87.53921493125222,1.199130146828651
121,116.26489892005921,1.011513838817106,1.0512545585632325,0.041465714437682905,True,30,9,16,8,100,"{'bootstrap': True, 'max_depth': 30, 'max_features': 9, 'min_samples_leaf': 16, 'min_samples_split': 8, 'n_estimators': 100}",-109.3751734686475,-104.06632512866658,-104.1784405854722,-105.84568415340995,-102.75692969808868,-105.24451060685699,2.2863276405639303,87,-85.75894850530926,-87.20313295894738,-87.26001091277561,-89.50219003515608,-87.87795084942377,-87.52044665232242,1.210496308355994
122,116.38088846206665,0.4882729018506578,1.025762414932251,0.04234428274124926,True,30,9,16,16,100,"{'bootstrap': True, 'max_depth': 30, 'max_features': 9, 'min_samples_leaf': 16, 'min_samples_split': 16, 'n_estimators': 100}",-109.38473788628806,-104.05439792426529,-104.1451880352642,-105.96414557804381,-102.72168568648028,-105.25403102206833,2.3086111460410152,89,-85.80593212510263,-87.22832478653794,-87.25540977144496,-89.54208246609426,-87.83046455104359,-87.53244274004467,1.2064445886315351
123,117.2881046295166,0.6569633750694948,1.0924798488616942,0.028964588080326995,True,30,9,16,32,100,"{'bootstrap': True, 'max_depth': 30, 'max_features': 9, 'min_samples_leaf': 16, 'min_samples_split': 32, 'n_estimators': 100}",-109.3343387170028,-104.05177248599375,-104.15362746895116,-105.89677706682394,-102.71250728632016,-105.22980460501836,2.288001539930575,86,-85.80392271793671,-87.23501049810245,-87.26949081922784,-89.53812604230849,-87.86422389851103,-87.54215479521731,1.2064629081783593
124,106.24406185150147,1.0601978266952685,0.8168870449066162,0.019679644462564774,True,30,9,32,4,100,"{'bootstrap': True, 'max_depth': 30, 'max_features': 9, 'min_samples_leaf': 32, 'min_samples_split': 4, 'n_estimators': 100}",-109.36844235165694,-104.22895283218342,-104.20792457664051,-107.69973233052826,-104.26852917651621,-105.95471625350505,2.171238097934537,122,-94.62338167668292,-96.122335398947,-96.14073484714015,-97.29540942688323,-96.23388365875276,-96.08314900168122,0.8518296334143336
125,106.77930254936219,0.43696567685260423,0.8489140510559082,0.0304195447416581,True,30,9,32,8,100,"{'bootstrap': True, 'max_depth': 30, 'max_features': 9, 'min_samples_leaf': 32, 'min_samples_split': 8, 'n_estimators': 100}",-109.3493393278796,-104.27067664417015,-104.20475618541438,-107.70474084116056,-104.38573157713036,-105.98304891515102,2.1420597907768397,125,-94.57532909038777,-96.10060922542068,-96.14250216965586,-97.2769550185886,-96.26373292248385,-96.07182568530735,0.8642327017467969
126,106.70903372764587,0.7074442521208133,0.8503993034362793,0.048957472856167764,True,30,9,32,16,100,"{'bootstrap': True, 'max_depth': 30, 'max_features': 9, 'min_samples_leaf': 32, 'min_samples_split': 16, 'n_estimators': 100}",-109.39635474867286,-104.268375180911,-104.2301335259323,-107.7028177443219,-104.38332503975244,-105.99620124791811,2.153106196815599,132,-94.5791850911128,-96.07691719528701,-96.17365494139015,-97.28052392635247,-96.28362368932716,-96.07878096869392,0.8653252587187208
127,106.88381676673889,0.35235824785114134,0.8294949531555176,0.036133484716088675,True,30,9,32,32,100,"{'bootstrap': True, 'max_depth': 30, 'max_features': 9, 'min_samples_leaf': 32, 'min_samples_split': 32, 'n_estimators': 100}",-109.42124213612965,-104.21265862350955,-104.16309305555876,-107.67682311680608,-104.34724550484404,-105.96421248736962,2.1822302137351275,123,-94.62201159170462,-96.08152059736676,-96.13197761840885,-97.2980193537962,-96.25691394552769,-96.07808862136082,0.8536141525605458
128,178.17236742973327,1.4487561634918746,1.9352345943450928,0.17226089076326895,True,30,12,4,4,100,"{'bootstrap': True, 'max_depth': 30, 'max_features': 12, 'min_samples_leaf': 4, 'min_samples_split': 4, 'n_estimators': 100}",-109.73623467801825,-104.25861383078053,-104.61542109798789,-100.64092016725826,-99.09400150846375,-103.66903825650175,3.6920068436017277,5,-55.3680034624788,-57.243966782270654,-57.14274195739049,-60.37319196701951,-57.82607213882876,-57.590795261597634,1.6161022105680876
129,179.73504672050476,1.540785073544636,2.164087247848511,0.07134130933164813,True,30,12,4,8,100,"{'bootstrap': True, 'max_depth': 30, 'max_features': 12, 'min_samples_leaf': 4, 'min_samples_split': 8, 'n_estimators': 100}",-109.78253975898102,-104.23899397246493,-104.61051242367958,-100.57101797136562,-99.05313165054531,-103.6512391554073,3.7279716519433705,3,-55.437030369293964,-57.291963509954705,-57.18996478514806,-60.355804668991965,-57.851538922940485,-57.62526045126583,1.5871983953731752
130,172.04334182739257,1.2496721314434087,1.6200726985931397,0.14752621235658456,True,30,12,4,16,100,"{'bootstrap': True, 'max_depth': 30, 'max_features': 12, 'min_samples_leaf': 4, 'min_samples_split': 16, 'n_estimators': 100}",-109.66890490224752,-104.09987509299138,-104.47641290726689,-102.18827749264369,-100.11869036701451,-104.11043215243281,3.183059964639346,18,-65.07996927549236,-66.69467588347098,-66.67646223048325,-70.07795204808932,-67.5815505812549,-67.22212200375816,1.6401046584665782
131,166.06571249961854,2.0695671663611024,1.2297053337097168,0.05987918045243658,True,30,12,4,32,100,"{'bootstrap': True, 'max_depth': 30, 'max_features': 12, 'min_samples_leaf': 4, 'min_samples_split': 32, 'n_estimators': 100}",-109.43877051639443,-104.08103717101501,-104.53474836797318,-103.88535444504215,-101.30800707751887,-104.64958351558872,2.646617590415149,45,-75.79561416200802,-77.36520298418513,-77.3667231400901,-80.16319898406182,-78.16521384782023,-77.77119062363306,1.4218495392913362
132,164.1426598548889,1.1046105086615938,1.3982454776763915,0.07100092239934722,True,30,12,8,4,100,"{'bootstrap': True, 'max_depth': 30, 'max_features': 12, 'min_samples_leaf': 8, 'min_samples_split': 4, 'n_estimators': 100}",-109.38910630694672,-103.83892320461992,-104.27783123284208,-102.9615933573795,-100.69107958270796,-104.23170673689924,2.8602239541446193,22,-71.24529507959457,-72.70515252705188,-72.69841953288906,-75.99173138951676,-73.67917632971043,-73.26395497175254,1.569729354152247
133,162.68850889205933,0.5806613121301961,1.3814753532409667,0.02430475914859774,True,30,12,8,8,100,"{'bootstrap': True, 'max_depth': 30, 'max_features': 12, 'min_samples_leaf': 8, 'min_samples_split': 8, 'n_estimators': 100}",-109.4747770153852,-103.96704943790276,-104.24102309636571,-103.2025793922021,-100.5857934736841,-104.29424448310797,2.894551709387682,26,-71.21423826893324,-72.65699546412928,-72.80566865578716,-76.03589584332326,-73.65722082920333,-73.27400381227525,1.588557464321218
134,163.19995965957642,0.7672131226636825,1.4379961490631104,0.08266427862064372,True,30,12,8,16,100,"{'bootstrap': True, 'max_depth': 30, 'max_features': 12, 'min_samples_leaf': 8, 'min_samples_split': 16, 'n_estimators': 100}",-109.34959539320687,-103.92477242644115,-104.22374711566505,-102.98278904077574,-100.65625584106562,-104.2274319634309,2.8506353494137318,21,-71.20396880056171,-72.74871765515321,-72.73514299310725,-76.01283902869167,-73.70071144949081,-73.28027598540093,1.5833156683732152
135,156.60301241874694,0.7127598391048605,1.1524177551269532,0.026633891240873224,True,30,12,8,32,100,"{'bootstrap': True, 'max_depth': 30, 'max_features': 12, 'min_samples_leaf': 8, 'min_samples_split': 32, 'n_estimators': 100}",-109.31755161113152,-103.86448933116012,-104.24533265861376,-104.64616318874752,-101.65600634828725,-104.74590862758805,2.5093760616539753,49,-79.48975968725125,-80.85957279070726,-80.9162660167346,-83.69187534923016,-81.67875493600529,-81.32724575598571,1.3768812017168304
136,150.1707622051239,0.37992223884390686,1.1105281829833984,0.051579086531648805,True,30,12,16,4,100,"{'bootstrap': True, 'max_depth': 30, 'max_features': 12, 'min_samples_leaf': 16, 'min_samples_split': 4, 'n_estimators': 100}",-109.27233324216105,-103.89397281853616,-103.96384271486032,-105.5512963757429,-102.46092701415502,-105.02847443309108,2.3365151286655506,66,-84.6547934037413,-86.0435513954987,-86.15761870015379,-88.49391080801097,-86.74290596373636,-86.41855605422822,1.243533329020132
137,149.80952501296997,0.7233635927286922,1.099984836578369,0.05056853765686382,True,30,12,16,8,100,"{'bootstrap': True, 'max_depth': 30, 'max_features': 12, 'min_samples_leaf': 16, 'min_samples_split': 8, 'n_estimators': 100}",-109.22103770164722,-103.81754847909217,-104.04328976713511,-105.5524136255035,-102.5462934287606,-105.03611660042773,2.299998263257862,67,-84.67222736713555,-86.12767311956246,-86.14112887739972,-88.48042449286262,-86.81026378193731,-86.44634352777953,1.2338653319740758
138,148.96682295799255,0.8398487625664126,1.0290414810180664,0.028377267442806664,True,30,12,16,16,100,"{'bootstrap': True, 'max_depth': 30, 'max_features': 12, 'min_samples_leaf': 16, 'min_samples_split': 16, 'n_estimators': 100}",-109.24908030132435,-103.82001982018495,-103.99018543100242,-105.5915347868002,-102.45975514004255,-105.02211509587089,2.3352547638674,64,-84.65102285630459,-86.08739142600282,-86.20048699211614,-88.50510487872744,-86.73849232927414,-86.43649969648501,1.2438515247586706
139,150.51241755485535,0.46927363393528504,1.0770766258239746,0.021103293104863453,True,30,12,16,32,100,"{'bootstrap': True, 'max_depth': 30, 'max_features': 12, 'min_samples_leaf': 16, 'min_samples_split': 32, 'n_estimators': 100}",-109.27002837661688,-103.91741415911657,-103.95477713199838,-105.59745340508142,-102.52719147022029,-105.0533729086067,2.321857641765195,69,-84.69866697737832,-86.11870417813248,-86.13706870014758,-88.49420579060977,-86.80639831641722,-86.45100879253707,1.2313116796437045
140,135.88044319152831,1.5340486916229625,0.8307974815368653,0.013864481761003829,True,30,12,32,4,100,"{'bootstrap': True, 'max_depth': 30, 'max_features': 12, 'min_samples_leaf': 32, 'min_samples_split': 4, 'n_estimators': 100}",-109.24819072710211,-103.95540560584237,-104.01277669486784,-107.56151399204015,-104.02061034331422,-105.75969947263334,2.224758564149453,100,-93.8148484215188,-95.29671571733684,-95.36307870285819,-96.58065257438257,-95.47558557118633,-95.30617619745655,0.8809512474976685
141,136.68787002563477,1.0411636779186677,0.8434903144836425,0.017180093007069484,True,30,12,32,8,100,"{'bootstrap': True, 'max_depth': 30, 'max_features': 12, 'min_samples_leaf': 32, 'min_samples_split': 8, 'n_estimators': 100}",-109.27784366498831,-104.03057306652346,-104.01262480839249,-107.51277039621918,-104.07146907789749,-105.7810562028042,2.2063809982935356,107,-93.83201621891274,-95.24514067944725,-95.37938410843722,-96.58433511951755,-95.50709920682331,-95.30959506662762,0.878206606378497
142,137.00709276199342,0.8361426517873458,0.8422669887542724,0.0264424868697142,True,30,12,32,16,100,"{'bootstrap': True, 'max_depth': 30, 'max_features': 12, 'min_samples_leaf': 32, 'min_samples_split': 16, 'n_estimators': 100}",-109.22564292362433,-104.05782513911434,-103.99324168522118,-107.46079923602203,-104.0664097013241,-105.76078373706119,2.1813059457005086,102,-93.82142841963777,-95.28595967618311,-95.37086071790738,-96.58630339852282,-95.50277387285186,-95.31346521702059,0.8816098237322141
143,136.49906373023987,0.6600315177012642,0.8007676124572753,0.01629074767697556,True,30,12,32,32,100,"{'bootstrap': True, 'max_depth': 30, 'max_features': 12, 'min_samples_leaf': 32, 'min_samples_split': 32, 'n_estimators': 100}",-109.19762099706644,-104.01185778055329,-104.07494933853023,-107.49415668978183,-104.0240754859258,-105.76053205837152,2.1786861636524013,101,-93.78305934603362,-95.28326775940762,-95.35157198591494,-96.6217897721474,-95.5181923224612,-95.31157623719295,0.9053302856150482
144,100.08636894226075,0.5889597791228517,2.0045916557312013,0.16608938546666369,True,40,6,4,4,100,"{'bootstrap': True, 'max_depth': 40, 'max_features': 6, 'min_samples_leaf': 4, 'min_samples_split': 4, 'n_estimators': 100}",-109.92436489346814,-104.42002855045253,-104.85195093363053,-101.17724548893673,-99.51066754026931,-103.97685148135145,3.5810532937002892,10,-58.83489503428334,-60.52731007620183,-60.57760135107296,-63.82252958861199,-61.35745954157742,-61.02395911834951,1.6236450536334064
145,102.14903349876404,0.9081125470877223,2.018138790130615,0.05667937186519876,True,40,6,4,8,100,"{'bootstrap': True, 'max_depth': 40, 'max_features': 6, 'min_samples_leaf': 4, 'min_samples_split': 8, 'n_estimators': 100}",-109.93597829475246,-104.36553892563686,-104.83783002374219,-101.26362235815618,-99.53012887586884,-103.98661969563129,3.5647729653657096,13,-58.85298169135026,-60.558799159977326,-60.588933258082356,-63.821616254830914,-61.31054740684423,-61.026575554217025,1.6141715117197861
146,96.54608373641967,0.6442294023215132,1.6343812942504883,0.037180163904269696,True,40,6,4,16,100,"{'bootstrap': True, 'max_depth': 40, 'max_features': 6, 'min_samples_leaf': 4, 'min_samples_split': 16, 'n_estimators': 100}",-109.77386703979494,-104.3585261487153,-104.66926234404548,-102.7838278038073,-100.71201304289767,-104.45949927585214,3.0049368977076463,36,-68.3382414230719,-69.9292702036557,-69.87127262115945,-73.25636045583597,-70.83770567033646,-70.44657007481189,1.6181177373730724
147,92.59982295036316,0.8157501418322299,1.2710448265075684,0.055156010951457106,True,40,6,4,32,100,"{'bootstrap': True, 'max_depth': 40, 'max_features': 6, 'min_samples_leaf': 4, 'min_samples_split': 32, 'n_estimators': 100}",-109.72156129211403,-104.5090683079039,-104.71782919670262,-104.86684224965917,-102.01056817636523,-105.16517384454899,2.5072613323603923,78,-78.76851524400347,-80.25177955640962,-80.21617201608088,-83.06516003702255,-80.96282849142938,-80.65289106898918,1.4012557943825414
148,92.24849185943603,1.2374313233194782,1.4555154323577881,0.051277216445569394,True,40,6,8,4,100,"{'bootstrap': True, 'max_depth': 40, 'max_features': 6, 'min_samples_leaf': 8, 'min_samples_split': 4, 'n_estimators': 100}",-109.75449217669794,-104.40831104569979,-104.61917275698782,-104.07806387728643,-101.40025626702779,-104.85205922473995,2.71289549590312,54,-75.03896087731202,-76.49045654847221,-76.56725382777243,-79.7087143869785,-77.43652019383042,-77.04838116687311,1.5367861297260157
149,90.92155528068542,0.2908314350133346,1.4989436626434327,0.08410392939717443,True,40,6,8,8,100,"{'bootstrap': True, 'max_depth': 40, 'max_features': 6, 'min_samples_leaf': 8, 'min_samples_split': 8, 'n_estimators': 100}",-109.70321694601809,-104.30513939489266,-104.51277440791877,-103.96998546055163,-101.37622509722918,-104.77346826132207,2.7120678838740453,51,-75.09701861027183,-76.52385006801784,-76.51598943658523,-79.70986765229766,-77.47838200336257,-77.06502155410702,1.525346922801066
150,92.21152882575988,0.6859385672116391,1.4778262615203857,0.05608502598887624,True,40,6,8,16,100,"{'bootstrap': True, 'max_depth': 40, 'max_features': 6, 'min_samples_leaf': 8, 'min_samples_split': 16, 'n_estimators': 100}",-109.75162631185219,-104.45147663838178,-104.72108036393182,-103.99248530666718,-101.47617314361501,-104.8785683528896,2.6950079775604867,57,-75.10616079572704,-76.51602822679918,-76.54212469890476,-79.717875077351,-77.44788033832444,-77.06601382742129,1.5229023610684123
151,87.39504828453065,0.5197397389100854,1.2035198211669922,0.018300248595992438,True,40,6,8,32,100,"{'bootstrap': True, 'max_depth': 40, 'max_features': 6, 'min_samples_leaf': 8, 'min_samples_split': 32, 'n_estimators': 100}",-109.72854625841786,-104.51083050932729,-104.62187510406255,-105.40347383803008,-102.4933540322126,-105.35161594841009,2.39036864167217,93,-82.53346418094637,-83.95904424681589,-83.92313283996135,-86.56247976853585,-84.74885638261266,-84.34539548377442,1.31824970983915
152,83.27027759552001,0.310825649014072,1.096871280670166,0.037226466560770985,True,40,6,16,4,100,"{'bootstrap': True, 'max_depth': 40, 'max_features': 6, 'min_samples_leaf': 16, 'min_samples_split': 4, 'n_estimators': 100}",-109.74555884558286,-104.69011552858781,-104.64877488853519,-106.59076627300807,-103.45439949330711,-105.8259230058042,2.202198466327759,116,-87.8349505364846,-89.1642883361379,-89.2397641835804,-91.31664195577515,-89.74685314082767,-89.46049963056115,1.1230438807138028
153,83.07976980209351,0.5682162298896459,1.0964321136474608,0.021492203356961448,True,40,6,16,8,100,"{'bootstrap': True, 'max_depth': 40, 'max_features': 6, 'min_samples_leaf': 16, 'min_samples_split': 8, 'n_estimators': 100}",-109.71587039513072,-104.59383208873832,-104.6270466118902,-106.53063639507847,-103.38490817798441,-105.77045873376441,2.2148063685488486,105,-87.75687153182587,-89.1870010643097,-89.17749350539546,-91.29722985558656,-89.77862556501466,-89.43944430442646,1.1427867716528695
154,83.22452268600463,0.3258971583616012,1.0706929683685302,0.044329133970437196,True,40,6,16,16,100,"{'bootstrap': True, 'max_depth': 40, 'max_features': 6, 'min_samples_leaf': 16, 'min_samples_split': 16, 'n_estimators': 100}",-109.78980917070099,-104.72928817669414,-104.58454781732323,-106.50026803855893,-103.35430048253893,-105.79164273716326,2.236684925145975,111,-87.76922628295414,-89.20021828221452,-89.20602805854502,-91.21144909300774,-89.76075382713574,-89.42953510877143,1.1085206621567032
155,83.96855072975158,0.5050431868433618,1.1178110599517823,0.03043808485945938,True,40,6,16,32,100,"{'bootstrap': True, 'max_depth': 40, 'max_features': 6, 'min_samples_leaf': 16, 'min_samples_split': 32, 'n_estimators': 100}",-109.66411622270846,-104.73606913687914,-104.61220889655485,-106.47476045265877,-103.3599554776056,-105.76942203728136,2.185343664060293,104,-87.71416693530055,-89.24904386035693,-89.19215311257669,-91.25377855409,-89.73955736225267,-89.42973996491537,1.136256397917266
156,75.43674178123474,0.13251291483335162,0.8620101928710937,0.029741361929010047,True,40,6,32,4,100,"{'bootstrap': True, 'max_depth': 40, 'max_features': 6, 'min_samples_leaf': 32, 'min_samples_split': 4, 'n_estimators': 100}",-110.17227818818202,-104.98265215242034,-104.89938039399495,-108.46127621419883,-105.3019183848026,-106.76350106671975,2.1579988224891915,137,-96.18772925662071,-97.6027401472351,-97.72108090006134,-98.69825168985867,-97.87568484890622,-97.6170973685364,0.8111564652409703
157,76.77759699821472,0.14948793460830423,0.8429069519042969,0.020315651589191557,True,40,6,32,8,100,"{'bootstrap': True, 'max_depth': 40, 'max_features': 6, 'min_samples_leaf': 32, 'min_samples_split': 8, 'n_estimators': 100}",-109.9862659699895,-105.09748089256384,-104.94910838714704,-108.46577702295829,-105.11632573828257,-106.72299160218827,2.100313431292848,133,-96.14491612550822,-97.64843361738696,-97.66542314957329,-98.68001329099947,-97.65928165803506,-97.55961356830059,0.8106395980936445
158,76.82905883789063,0.4716562814058717,0.8714339733123779,0.01132884784643769,True,40,6,32,16,100,"{'bootstrap': True, 'max_depth': 40, 'max_features': 6, 'min_samples_leaf': 32, 'min_samples_split': 16, 'n_estimators': 100}",-110.00869608165381,-104.95224688261774,-104.9805813813904,-108.48060164350801,-105.26578385293845,-106.73758196842168,2.1061323440703,134,-96.15152765720646,-97.54642936894327,-97.68455969549716,-98.7637442350118,-97.85076586770985,-97.59940536487372,0.839675494393996
159,76.59469547271729,0.36250178900161445,0.842200517654419,0.02624130338573371,True,40,6,32,32,100,"{'bootstrap': True, 'max_depth': 40, 'max_features': 6, 'min_samples_leaf': 32, 'min_samples_split': 32, 'n_estimators': 100}",-110.04576852468419,-105.0543367972099,-104.97444344318293,-108.59223381983378,-105.29219746400481,-106.79179600978311,2.116612581497893,142,-96.14483711246007,-97.62728826072696,-97.69028577719929,-98.73743188514906,-97.82170676072472,-97.60430995925202,0.8329714883923185
160,139.22385306358336,1.2587853351338996,2.0074977397918703,0.22380116865452293,True,40,9,4,4,100,"{'bootstrap': True, 'max_depth': 40, 'max_features': 9, 'min_samples_leaf': 4, 'min_samples_split': 4, 'n_estimators': 100}",-109.80140199479224,-104.25019667359277,-104.61819845344701,-100.7762095447744,-99.16590546600212,-103.7223824265217,3.67360776582946,8,-56.4166519621536,-58.160743727815024,-58.16384688697202,-61.3194691618585,-58.84665966322067,-58.58147428040396,1.587754500251995
161,140.94784860610963,0.9859664269111844,2.1770045280456545,0.08895744250468544,True,40,9,4,8,100,"{'bootstrap': True, 'max_depth': 40, 'max_features': 9, 'min_samples_leaf': 4, 'min_samples_split': 8, 'n_estimators': 100}",-109.82948649157612,-104.16841521872664,-104.48946149668427,-100.89018772014555,-99.08719145089881,-103.69294847560627,3.6765762894572527,6,-56.41471582300042,-58.20370196410547,-58.17677152335434,-61.31991328955234,-58.83674122692911,-58.590368765388334,1.585254069148097
162,134.74638605117798,0.5713308825879496,1.65328049659729,0.1092070254961948,True,40,9,4,16,100,"{'bootstrap': True, 'max_depth': 40, 'max_features': 9, 'min_samples_leaf': 4, 'min_samples_split': 16, 'n_estimators': 100}",-109.50477056807809,-104.24752837541972,-104.50685254730011,-102.46024091735784,-100.19730870411577,-104.1833402224543,3.0751884412844044,19,-66.15077051830629,-67.75783358077237,-67.75957140288982,-71.09912040172543,-68.56647020687372,-68.26675322211352,1.618996572757441
163,128.07355608940125,1.172847985520494,1.239903211593628,0.02667431597625675,True,40,9,4,32,100,"{'bootstrap': True, 'max_depth': 40, 'max_features': 9, 'min_samples_leaf': 4, 'min_samples_split': 32, 'n_estimators': 100}",-109.5099974846108,-104.01688675817896,-104.35824784300347,-104.18370280716395,-101.5286105194174,-104.71948908247494,2.6092868354064533,47,-76.86342000493673,-78.26760675802525,-78.34915580108641,-81.06584413625242,-79.10232894030644,-78.72967112812145,1.3738825874077767
164,126.85074877738953,0.6753363746445431,1.4561192989349365,0.050866796203957634,True,40,9,8,4,100,"{'bootstrap': True, 'max_depth': 40, 'max_features': 9, 'min_samples_leaf': 8, 'min_samples_split': 4, 'n_estimators': 100}",-109.48350283494901,-104.0237694667169,-104.25618497604329,-103.43524494599424,-100.88056582624971,-104.41585360999063,2.8042876379240105,33,-72.64968800290603,-74.06536791162215,-74.09924483263818,-77.35117185708076,-75.0242740570852,-74.63794933226647,1.5544811608496807
165,126.49925293922425,0.43908093855187325,1.4764307022094727,0.09286932888919334,True,40,9,8,8,100,"{'bootstrap': True, 'max_depth': 40, 'max_features': 9, 'min_samples_leaf': 8, 'min_samples_split': 8, 'n_estimators': 100}",-109.4936216632126,-104.06416970576431,-104.2762373780758,-103.46835294189374,-100.92164880353594,-104.44480609849647,2.7939196901689636,35,-72.67377085633908,-74.13356125678095,-74.09477920623203,-77.36122111087646,-75.01820334560945,-74.65630715516758,1.5470329956619164
166,127.66317329406738,0.728376257716328,1.4625123500823975,0.0658614186248808,True,40,9,8,16,100,"{'bootstrap': True, 'max_depth': 40, 'max_features': 9, 'min_samples_leaf': 8, 'min_samples_split': 16, 'n_estimators': 100}",-109.45492891658796,-103.94833925176786,-104.2123225807367,-103.44714863813086,-100.83442284920717,-104.3794324472861,2.8075141179306886,29,-72.63657095007616,-74.09682502431579,-74.07173818097709,-77.34187515748218,-75.03641234269745,-74.63668433110972,1.5549215832966479
167,122.70331473350525,1.081600490714565,1.186309242248535,0.04637981710237155,True,40,9,8,32,100,"{'bootstrap': True, 'max_depth': 40, 'max_features': 9, 'min_samples_leaf': 8, 'min_samples_split': 32, 'n_estimators': 100}",-109.36888570935228,-103.9258057449028,-104.23579968261758,-104.8642294639897,-101.8759598944061,-104.8541360990537,2.4696856721439335,55,-80.58356379090925,-81.9901218981264,-82.0399236566967,-84.6845148637589,-82.78378521541215,-82.41638188498068,1.3388093932016514
168,116.613490152359,0.4118749899361773,1.0908087730407714,0.07290521911614044,True,40,9,16,4,100,"{'bootstrap': True, 'max_depth': 40, 'max_features': 9, 'min_samples_leaf': 16, 'min_samples_split': 4, 'n_estimators': 100}",-109.36395197375921,-103.96974308391356,-104.13021877990656,-105.88503374840974,-102.7166467350065,-105.2131188641991,2.3078957571970693,84,-85.80034471217255,-87.15969755964467,-87.25199123897929,-89.5162656943269,-87.87928138373253,-87.52151611777117,1.2060687538810173
169,116.30702881813049,0.44555846627421,1.0559747219085693,0.059049160594564644,True,40,9,16,8,100,"{'bootstrap': True, 'max_depth': 40, 'max_features': 9, 'min_samples_leaf': 16, 'min_samples_split': 8, 'n_estimators': 100}",-109.4013813032474,-104.01574695096016,-104.08608584961019,-105.81397522684313,-102.73230955126161,-105.2098997763845,2.313475159840067,83,-85.8027767565845,-87.21994820553823,-87.23299489803368,-89.51477037428896,-87.85780435962218,-87.52565891881352,1.2011926731670335
170,116.72554273605347,0.4547431942210949,1.0531686305999757,0.058553517903369934,True,40,9,16,16,100,"{'bootstrap': True, 'max_depth': 40, 'max_features': 9, 'min_samples_leaf': 16, 'min_samples_split': 16, 'n_estimators': 100}",-109.23624083524844,-103.90985913527967,-104.12320930402558,-105.7792997393593,-102.69085437925227,-105.14789267863304,2.2686121662075456,77,-85.7973941517006,-87.21206487705479,-87.2134256134105,-89.50739468778502,-87.7811876190613,-87.50229338980245,1.1977121357166678
171,117.17729001045227,0.31477056889176785,1.0938835144042969,0.053427813575520365,True,40,9,16,32,100,"{'bootstrap': True, 'max_depth': 40, 'max_features': 9, 'min_samples_leaf': 16, 'min_samples_split': 32, 'n_estimators': 100}",-109.33366006756629,-104.04498053572655,-104.1626118856986,-105.74896761550505,-102.64983731532125,-105.18801148396355,2.2935285546665383,82,-85.74928853404576,-87.1987213530806,-87.26436915552934,-89.47686811835618,-87.83847446150097,-87.50554432450255,1.20280506947466
172,105.64827399253845,1.1302851214019591,0.8271773815155029,0.025879869167174975,True,40,9,32,4,100,"{'bootstrap': True, 'max_depth': 40, 'max_features': 9, 'min_samples_leaf': 32, 'min_samples_split': 4, 'n_estimators': 100}",-109.42284759973968,-104.1634787548051,-104.18651538319757,-107.70121472246245,-104.34764364109482,-105.96434002025993,2.1906837895249534,124,-94.58591930963462,-96.07162487538076,-96.14756786922094,-97.28885614641797,-96.28245726659688,-96.07528509345022,0.8647685985045547
173,106.84837341308594,0.26982195183713586,0.8392919063568115,0.025831702726969257,True,40,9,32,8,100,"{'bootstrap': True, 'max_depth': 40, 'max_features': 9, 'min_samples_leaf': 32, 'min_samples_split': 8, 'n_estimators': 100}",-109.38534936298015,-104.18641826044438,-104.23465490465081,-107.75865307856293,-104.36019086713323,-105.98505329475431,2.174710553804196,126,-94.64429340167959,-96.07627957487095,-96.18684708802294,-97.28732131670641,-96.29746540174952,-96.09844135660589,0.8456830520717962
174,107.52962636947632,0.672250714202992,0.8646951198577881,0.020163002051517862,True,40,9,32,16,100,"{'bootstrap': True, 'max_depth': 40, 'max_features': 9, 'min_samples_leaf': 32, 'min_samples_split': 16, 'n_estimators': 100}",-109.42679888655353,-104.25159377599633,-104.23724379960926,-107.74817382506912,-104.2877559308575,-105.99031324361715,2.186074411531301,128,-94.63374894716988,-96.09427848090644,-96.16629768480324,-97.25211798032842,-96.2457832261739,-96.07844526387638,0.8367348235969825
175,107.64950037002563,0.6477165871256007,0.8420114040374755,0.027470452841191265,True,40,9,32,32,100,"{'bootstrap': True, 'max_depth': 40, 'max_features': 9, 'min_samples_leaf': 32, 'min_samples_split': 32, 'n_estimators': 100}",-109.30702976421925,-104.1996324184848,-104.17540517930318,-107.70131724887415,-104.36104394877121,-105.9488857119305,2.148232274064818,121,-94.58877829436908,-96.11341060803737,-96.1390459621961,-97.3074609155448,-96.28430304814597,-96.08659976565866,0.8690830938252039
176,179.75242800712584,1.1562628307078324,2.025289440155029,0.1788468998591022,True,40,12,4,4,100,"{'bootstrap': True, 'max_depth': 40, 'max_features': 12, 'min_samples_leaf': 4, 'min_samples_split': 4, 'n_estimators': 100}",-109.84582333963485,-104.17843085726075,-104.57784867991597,-100.57522169551522,-99.05840155016821,-103.64714522449898,3.7434039695764385,2,-54.896007373612946,-56.772807105970855,-56.759682156931675,-59.81776965238677,-57.356881947203014,-57.12062964722105,1.5830721542553488
177,181.48353810310363,1.788777971069626,2.123595857620239,0.17487104936476583,True,40,12,4,8,100,"{'bootstrap': True, 'max_depth': 40, 'max_features': 12, 'min_samples_leaf': 4, 'min_samples_split': 8, 'n_estimators': 100}",-109.77726405064305,-104.14188908886813,-104.46952682947729,-100.5110869437374,-98.98043074582355,-103.57603953170988,3.743988389038104,1,-54.93176198314752,-56.74989482687305,-56.77566595616928,-59.7995705312884,-57.37756484327345,-57.12689162815034,1.5678092868242304
178,172.86904830932616,0.7895361716827686,1.6466733932495117,0.16608440696978163,True,40,12,4,16,100,"{'bootstrap': True, 'max_depth': 40, 'max_features': 12, 'min_samples_leaf': 4, 'min_samples_split': 16, 'n_estimators': 100}",-109.63092214584574,-104.09754229417382,-104.58299335545932,-102.18605339621807,-99.91198566809797,-104.08189937195898,3.22569080625563,17,-64.79478630944526,-66.40589890529691,-66.38104979355757,-69.71374092167363,-67.28319823024789,-66.91573483204425,1.6129544832214675
179,166.17785067558287,1.2559581350398183,1.2313956260681151,0.041433133371511756,True,40,12,4,32,100,"{'bootstrap': True, 'max_depth': 40, 'max_features': 12, 'min_samples_leaf': 4, 'min_samples_split': 32, 'n_estimators': 100}",-109.49740751081256,-104.12013142357961,-104.52682447490797,-103.81578053840948,-101.34796341684036,-104.66162147291,2.6605256964592363,46,-75.6794358595996,-77.1849401908781,-77.23401603811475,-80.04084639106466,-77.97437863985047,-77.62272342390152,1.4205699013901516
180,163.75858654975892,1.2063561296983643,1.4418298721313476,0.07850088194304926,True,40,12,8,4,100,"{'bootstrap': True, 'max_depth': 40, 'max_features': 12, 'min_samples_leaf': 8, 'min_samples_split': 4, 'n_estimators': 100}",-109.41816852144497,-103.95720957307465,-104.12366135059682,-103.20520478988675,-100.65452844885478,-104.2717545367716,2.8575618964882046,24,-71.17394754573174,-72.63200576049003,-72.69743587805415,-75.96392317072119,-73.58971271617608,-73.21140501423466,1.5792766460174423
181,162.2406376838684,0.6217970093843367,1.4247798442840576,0.07138614250727893,True,40,12,8,8,100,"{'bootstrap': True, 'max_depth': 40, 'max_features': 12, 'min_samples_leaf': 8, 'min_samples_split': 8, 'n_estimators': 100}",-109.47381725789282,-103.91679022477662,-104.18554782898849,-103.22092535942575,-100.59633161643241,-104.27868245750321,2.891630109008539,25,-71.1708356600806,-72.66599414582026,-72.6865863795439,-75.97280464877495,-73.58480205721413,-73.21620457828678,1.5812317362161423
182,163.4870087623596,0.558685527998737,1.4703587532043456,0.04942231364620627,True,40,12,8,16,100,"{'bootstrap': True, 'max_depth': 40, 'max_features': 12, 'min_samples_leaf': 8, 'min_samples_split': 16, 'n_estimators': 100}",-109.47621699938071,-103.89289105160304,-104.1071201024626,-103.12496278907611,-100.6294657914665,-104.2461313467978,2.892583185994764,23,-71.14291580192659,-72.61172201811266,-72.64891085615679,-75.92728610690617,-73.578737394331,-73.18191443548665,1.5786869044220135
183,156.92335691452027,0.3564568652932691,1.1807976722717286,0.0630692124005964,True,40,12,8,32,100,"{'bootstrap': True, 'max_depth': 40, 'max_features': 12, 'min_samples_leaf': 8, 'min_samples_split': 32, 'n_estimators': 100}",-109.30064073344457,-103.9305098287353,-104.20290725261749,-104.62525815001449,-101.73393118596489,-104.75864943015536,2.4815746314324616,50,-79.45201041615555,-80.90594869948892,-80.8841407643875,-83.64393964436015,-81.69005371761119,-81.31521864840066,1.3702786399857554
184,149.12467737197875,0.9003360545552912,1.0481656074523926,0.02982877536073276,True,40,12,16,4,100,"{'bootstrap': True, 'max_depth': 40, 'max_features': 12, 'min_samples_leaf': 16, 'min_samples_split': 4, 'n_estimators': 100}",-109.32692590916446,-103.92188194801818,-103.92239059107412,-105.61409880873208,-102.50146737569251,-105.05735292653625,2.351561363278321,70,-84.69158393060857,-86.09190496372243,-86.05915579888025,-88.49863788258679,-86.75676779881753,-86.4196100749231,1.2376933575227524
185,148.8903769493103,0.4860087977870807,1.0626748561859132,0.024084441941089173,True,40,12,16,8,100,"{'bootstrap': True, 'max_depth': 40, 'max_features': 12, 'min_samples_leaf': 16, 'min_samples_split': 8, 'n_estimators': 100}",-109.18494128813548,-103.82693165000738,-104.02905867772203,-105.61695499634565,-102.47051835806572,-105.02568099405525,2.3068664143084834,65,-84.66892139524427,-86.1026269409293,-86.13438945008562,-88.51567264627464,-86.73168575865866,-86.4306592382385,1.2439452625075438
186,149.35329194068908,0.27384691490708335,1.0422348022460937,0.02218710545792821,True,40,12,16,16,100,"{'bootstrap': True, 'max_depth': 40, 'max_features': 12, 'min_samples_leaf': 16, 'min_samples_split': 16, 'n_estimators': 100}",-109.3110292384801,-103.84143617691322,-104.01845369982644,-105.66056848492023,-102.49532066488197,-105.0653616530044,2.3485776518224797,71,-84.62503423396988,-86.12654650410818,-86.12794292539822,-88.49541360874026,-86.74547543759984,-86.42408254196327,1.2495204650086245
187,151.03329148292542,1.0421348210041346,1.0705771446228027,0.04225086130011949,True,40,12,16,32,100,"{'bootstrap': True, 'max_depth': 40, 'max_features': 12, 'min_samples_leaf': 16, 'min_samples_split': 32, 'n_estimators': 100}",-109.32874262465225,-103.87859877113219,-103.97764622871638,-105.68305721797518,-102.38253496733785,-105.05011596196277,2.3810036947583737,68,-84.68667219717535,-86.11690396908594,-86.11575144970377,-88.5062439903954,-86.7386425699099,-86.43284283525406,1.2362833040279269
188,136.16334495544433,0.38885492971278024,0.8447885990142823,0.0191201092893127,True,40,12,32,4,100,"{'bootstrap': True, 'max_depth': 40, 'max_features': 12, 'min_samples_leaf': 32, 'min_samples_split': 4, 'n_estimators': 100}",-109.25872126870026,-104.00476495080989,-104.03458272242021,-107.53640205502386,-104.1004872903008,-105.78699165745101,2.200223139711888,110,-93.83955694427401,-95.26949108225021,-95.34242026932307,-96.58298830929975,-95.48615150524442,-95.3041216220783,0.8736418760787273
189,136.75711274147034,0.5141124495683587,0.8492013454437256,0.020661244812268702,True,40,12,32,8,100,"{'bootstrap': True, 'max_depth': 40, 'max_features': 12, 'min_samples_leaf': 32, 'min_samples_split': 8, 'n_estimators': 100}",-109.24686889904065,-103.94951006687883,-104.0014872682907,-107.45899246451685,-104.02624729306898,-105.73662119835922,2.2098975788963005,98,-93.80396062964586,-95.28366926987746,-95.35776435737853,-96.613121590706,-95.50904873482787,-95.31351291648714,0.8954120729955296
190,136.8489541530609,0.4799629293542205,0.8680765151977539,0.04112375106307292,True,40,12,32,16,100,"{'bootstrap': True, 'max_depth': 40, 'max_features': 12, 'min_samples_leaf': 32, 'min_samples_split': 16, 'n_estimators': 100}",-109.28134537326581,-103.9942899019638,-103.97125497035762,-107.47097804544497,-104.0056128405613,-105.74469622631868,2.2235720505057386,99,-93.82694720787596,-95.29583829282119,-95.32489712202582,-96.6043171295339,-95.52424202440334,-95.31524835533205,0.8855378945114238
191,135.89673385620117,0.8478562649386001,0.6982050895690918,0.06797865465766748,True,40,12,32,32,100,"{'bootstrap': True, 'max_depth': 40, 'max_features': 12, 'min_samples_leaf': 32, 'min_samples_split': 32, 'n_estimators': 100}",-109.27298479674228,-104.04146116465839,-104.0227070264139,-107.555081615618,-104.0885417833076,-105.79615527734805,2.205546614482179,112,-93.83188222801324,-95.296887573181,-95.36048705634303,-96.60761527776029,-95.48864485690353,-95.31710339844021,0.8835179827356495
